SOA,Education Skills and Training Domain Rank,Proportion of pupils attending Special Schools or attending primary school with Special Education Needs Stages 3-5 (Rank),Absenteeism at Primary Schools (Rank),Proportion of school leavers not achieving at least five GCSEs at English and Maths (Rank),Proportion of those leaving school aged 16 17 and 18 not entering Education Employment or Training (Rank),Proportion of 18-21 year olds who have not enrolled in Higher Education Courses at Higher Education or Further Education establishments (Rank),Proportion of pupils attending Special Schools or who are attending post-primary schools with Special Education Needs Stages 3-5 (Rank),Absenteeism at post-primary schools (Rank),Proportion of working age adults (25-64) with no or low levels of qualification (Rank),Proportion of pupils attending Special Schools or attending primary school with Special Education Needs Stages 3-5 (%),Absenteeism at Primary Schools (% of possible attendance),Proportion of school leavers not achieving five or more GCSEs (and equivalent) incl. English and Maths (%),Proportion of those leaving school aged 16 17 and 18 not entering Education Employment or Training (%),Proportion of 18-21 year olds who have not enrolled in Higher Education Courses at Higher or Further Education establishments (%),Proportion of pupils attending Special Schools or who are attending post-primary schools with Special Education Needs Stages 3-5 (%),Absenteeism at post-primary schools (% of possible attendance),Proportions of working age adults (25-64) with no or low levels of qualification (%)
Abbey 1,269,224,239,266,58,568,643,89,569,11,5.3,41.4,7.9,59.4,6.4,9.6,31.4
Abbey 2,354,380,324,816,188,57,564,198,422,9.3,4.9,13.9,4.6,84.3,7,8.2,36.7
Abbey Park,362,250,405,525,618,448,371,333,259,10.6,4.4,28.8,1.4,62.9,8.9,7,42
Academy,777,708,454,762,377,840,651,798,689,6.5,4.3,18.3,2.8,45.9,6.3,4.5,26.7
Aghagallon 1,577,390,684,617,213,572,454,542,550,9.2,3.5,25.5,4.3,59.2,8,5.8,32
Aghagallon 2,658,770,699,619,753,456,778,622,603,5.8,3.5,25.4,0.7,62.7,4.9,5.4,30.3
Aghanloo 1,598,745,436,462,732,810,781,483,493,6.2,4.3,31.6,0.8,48.5,4.9,6.1,33.9
Aghanloo 2,544,840,696,242,731,679,551,486,496,4.7,3.5,43.3,0.8,55.5,7.2,6.1,33.8
Agivey,676,622,848,494,647,547,386,788,500,7.4,2.9,30.2,1.2,59.9,8.8,4.5,33.7
Ahoghill 1,392,882,312,514,292,263,450,381,371,3.1,4.9,29.5,3.5,69.9,8.1,6.6,38.4
Ahoghill 2,677,744,681,691,510,397,881,681,536,6.2,3.5,21.3,2,64.6,2.6,5.2,32.6
Aldergrove 1,254,82,281,246,203,6,507,420,722,14,5.1,42.9,4.4,91.5,7.6,6.4,25.3
Aldergrove 2,749,725,769,712,353,682,602,733,704,6.3,3.3,20.7,3,55.5,6.8,4.9,26.1
Aldergrove 3,690,854,813,421,571,346,510,775,737,4.3,3.1,33.5,1.6,66.2,7.5,4.6,24.5
Altmore,435,846,604,424,135,459,360,557,211,4.5,3.7,33.4,5.6,62.7,9,5.7,44
Altnagelvin 1,85,557,257,49,240,80,54,151,53,7.9,5.2,63.4,4,81.5,15.8,8.8,56.6
Altnagelvin 2,611,439,266,699,227,560,614,694,692,8.8,5.2,21,4.2,59.7,6.7,5.1,26.5
Altnagelvin 3,488,135,560,621,357,566,419,481,403,12.2,3.9,25.3,2.9,59.5,8.4,6.1,37.1
Andersonstown 1,387,68,205,317,822,558,435,605,379,14.3,5.6,38.3,0,59.7,8.3,5.5,37.9
Andersonstown 2,228,122,56,441,42,565,447,202,201,12.5,7,32.6,9,59.5,8.1,8.2,44.7
Andersonstown 3,295,217,256,614,73,334,611,183,289,11.1,5.2,25.7,6.9,66.7,6.7,8.4,41
Annagh 1,582,805,299,599,833,659,508,411,622,5.4,5,26,0,56.3,7.6,6.5,29.6
Annagh 2,110,767,148,51,306,8,853,83,221,5.9,5.9,62.9,3.3,90.7,3.5,9.7,43.7
Annalong 1,441,236,574,321,702,344,712,531,436,10.8,3.8,38.2,1,66.2,5.7,5.9,36.2
Annalong 2,282,191,615,145,886,206,461,284,244,11.5,3.7,51.2,0,73.4,8,7.5,42.6
Antiville,160,66,233,273,850,217,56,48,175,14.4,5.4,41.2,0,72.7,15.7,10.4,46
Ardboe,258,448,400,130,221,443,545,370,141,8.7,4.5,52,4.2,63,7.3,6.7,47.7
Ardeevin,650,762,752,432,270,692,493,575,747,6,3.3,33.1,3.7,55.1,7.7,5.6,24.2
Ardglass 1,175,44,306,144,248,202,73,136,353,15.6,5,51.2,3.9,73.6,14.9,9,39.2
Ardglass 2,474,200,767,594,209,265,184,572,423,11.3,3.3,26.4,4.4,69.8,11.8,5.6,36.6
Ardoyne 1,58,195,269,35,33,71,103,178,25,11.5,5.1,66,9.4,83.1,13.8,8.5,61.5
Ardoyne 2,39,54,241,28,120,52,187,94,16,14.9,5.3,67.3,5.8,84.9,11.8,9.5,64.3
Ardoyne 3,19,20,153,15,28,61,74,50,14,17.5,5.9,70.4,9.7,84.1,14.9,10.4,64.7
Armoy and Moss-Side and Moyarget,423,870,420,460,408,264,663,565,223,3.5,4.4,31.7,2.6,69.9,6.2,5.7,43.5
Artigarvan,281,534,524,222,481,275,498,323,179,8.1,4,44.9,2.1,69.4,7.7,7.1,45.9
Atlantic,305,325,213,290,210,722,109,99,668,9.8,5.5,40,4.4,53.6,13.6,9.5,27.9
Audley's Acre,531,21,445,502,589,738,151,521,733,17.5,4.3,30,1.5,53.2,12.5,5.9,24.7
Augher,699,436,837,795,852,787,290,405,492,8.8,3,16.1,0,50.2,9.9,6.5,33.9
Aughnacloy,500,548,567,612,780,436,632,421,344,8,3.9,25.7,0.5,63.1,6.5,6.4,39.5
Ballee,41,261,303,1,300,36,252,227,38,10.5,5,85.8,3.4,86.7,10.6,8,59.5
Ballinamallard,454,204,695,206,629,564,258,509,576,11.3,3.5,46.4,1.3,59.5,10.5,6,31.1
Ballinderry 1,746,812,720,667,799,739,232,783,618,5.3,3.4,22.7,0,53.1,10.9,4.6,29.8
Ballinderry 2,612,763,602,566,777,540,646,430,713,6,3.8,27.3,0.5,60.2,6.4,6.4,25.6
Balloo,252,222,311,458,258,268,333,121,313,11,4.9,31.7,3.8,69.7,9.2,9.2,40.1
Ballybay,82,306,96,55,621,100,393,52,131,10,6.4,62.1,1.4,80.5,8.7,10.3,48.1
Ballybot,100,86,38,92,340,185,131,179,117,13.6,7.2,56.6,3.1,74.4,13,8.4,48.9
Ballycarry,420,438,641,292,85,408,438,379,678,8.8,3.7,39.8,6.6,64.2,8.2,6.7,27.4
Ballyclare North 1,346,314,365,219,853,490,121,428,376,9.9,4.7,45.1,0,61.7,13.4,6.4,38
Ballyclare North 2,358,166,495,327,211,445,348,353,510,11.8,4.1,37.9,4.4,63,9.1,6.8,33.4
Ballyclare South 1,161,463,214,136,360,123,239,128,190,8.6,5.5,51.6,2.9,78.5,10.8,9.1,45.2
Ballyclare South 2,452,457,671,456,251,220,492,419,615,8.6,3.6,31.9,3.9,72.3,7.7,6.4,30
Ballycolman,92,544,113,167,723,250,186,22,34,8,6.3,49.5,0.9,70.5,11.8,11.2,60
Ballycraigy,251,278,470,191,491,65,201,574,174,10.3,4.2,47.6,2.1,83.9,11.5,5.6,46.1
Ballycrochan 1,822,664,843,723,842,747,854,747,832,7,3,20,0,52.5,3.5,4.8,18
Ballycrochan 2,806,399,784,724,697,851,802,708,823,9.2,3.2,20,1,44.9,4.6,5.1,19.4
Ballycrochan 3,666,620,751,536,148,484,883,616,731,7.4,3.3,28.3,5.4,61.8,2.4,5.4,24.7
Ballydown 1,757,619,739,632,563,817,774,693,685,7.4,3.4,24.5,1.7,47.6,5,5.1,26.9
Ballydown 2,730,416,662,729,409,591,685,740,765,9,3.6,19.7,2.6,58.6,6,4.8,23.3
Ballyduff 1,200,281,261,153,103,194,325,185,348,10.3,5.2,50.1,6.1,74.1,9.4,8.4,39.3
Ballyduff 2,356,672,606,155,591,349,277,267,616,6.9,3.7,50.1,1.5,66.1,10.1,7.6,29.9
Ballygawley,438,516,668,288,574,594,522,450,307,8.2,3.6,40.1,1.6,58.4,7.5,6.3,40.2
Ballygowan 1,644,323,674,544,538,364,745,745,694,9.9,3.6,28,1.8,65.6,5.4,4.8,26.5
Ballygowan 2,635,80,793,342,593,455,702,813,640,14,3.2,37,1.5,62.8,5.8,4.3,28.9
Ballyhackamore 1,835,850,523,806,671,878,407,828,850,4.4,4,14.9,1.1,36.3,8.6,4.2,16.6
Ballyhackamore 2,798,701,649,763,646,707,58,843,845,6.6,3.6,18.1,1.2,54.3,15.6,4,16.9
Ballyhackamore 3,364,284,358,631,391,219,85,174,725,10.2,4.7,24.6,2.7,72.5,14.4,8.5,25.1
Ballyhanwood 1,723,776,457,845,361,593,411,635,744,5.8,4.2,10.9,2.9,58.6,8.5,5.4,24.2
Ballyhanwood 2,869,637,672,884,606,819,875,879,825,7.2,3.6,1.4,1.4,47.4,2.7,3.5,19.2
Ballyhenry 1,472,751,527,602,70,493,568,286,545,6.1,4,25.9,7.1,61.7,7,7.5,32.2
Ballyhenry 2,294,531,198,193,60,312,599,436,457,8.1,5.6,47.4,7.7,67.9,6.8,6.4,35.4
Ballyhoe and Corkey,525,847,594,523,379,332,548,662,346,4.4,3.8,29,2.8,66.7,7.2,5.2,39.5
Ballyholme,867,835,711,848,645,813,874,856,878,4.8,3.4,10.4,1.2,47.9,2.7,3.8,11.3
Ballykeel,177,547,357,208,492,70,124,313,44,8,4.7,46,2.1,83.2,13.2,7.2,58.1
Ballykelly,338,428,658,446,545,282,185,342,188,8.9,3.6,32.5,1.8,69,11.8,6.9,45.4
Ballyloran,150,182,313,287,333,229,221,41,116,11.7,4.9,40.2,3.1,71.6,11.1,10.7,49.1
Ballylough and Bushmills,147,338,399,70,79,142,633,132,135,9.7,4.5,59.8,6.8,77.3,6.5,9.1,47.9
Ballyloughan,788,426,555,556,393,686,888,877,756,8.9,3.9,27.7,2.7,55.3,1.6,3.5,23.9
Ballymacarrett 1,48,139,48,172,137,53,147,20,51,12.1,7.1,49,5.5,84.8,12.6,11.2,56.6
Ballymacarrett 2,25,105,86,78,215,74,69,11,15,13,6.4,59,4.3,82.7,14.9,11.9,64.6
Ballymacarrett 3,17,50,39,30,598,19,382,6,52,15.2,7.2,66.7,1.5,88.7,8.8,12.4,56.6
Ballymacash 1,424,720,532,516,320,333,358,287,571,6.4,4,29.4,3.3,66.7,9,7.5,31.3
Ballymacash 2,865,798,849,862,774,841,880,805,840,5.4,2.9,7.5,0.5,45.7,2.7,4.4,17.4
Ballymacbrennan 1,859,145,841,835,717,871,677,876,841,12.1,3,12,0.9,40.1,6.1,3.5,17.3
Ballymacbrennan 2,864,717,833,834,824,828,871,878,790,6.4,3,12.1,0,47,2.8,3.5,21.7
Ballymaconnell 1,576,218,579,736,280,480,194,288,829,11.1,3.8,19.4,3.6,62,11.7,7.4,18.5
Ballymaconnell 2,787,495,774,788,447,648,753,736,819,8.4,3.3,16.5,2.3,56.7,5.4,4.9,19.6
Ballymacoss 1,286,137,228,442,567,318,326,209,419,12.2,5.4,32.6,1.6,67.6,9.4,8.2,36.7
Ballymacoss 2,264,356,224,231,555,213,172,265,497,9.5,5.4,44,1.7,73,12.1,7.6,33.8
Ballymacoss 3,574,546,520,662,699,371,547,519,602,8,4,22.9,1,65.3,7.2,5.9,30.3
Ballymagee 1,772,816,645,774,167,629,867,646,810,5.2,3.6,17.3,5,57.3,3,5.3,20
Ballymagee 2,515,343,613,664,735,343,379,300,691,9.6,3.7,22.8,0.8,66.2,8.8,7.3,26.6
Ballymaglave 1,527,392,717,351,442,606,722,532,485,9.2,3.4,36.6,2.3,58,5.6,5.9,34.1
Ballymaglave 2,274,257,626,173,537,231,144,352,310,10.5,3.7,49,1.8,71.6,12.7,6.8,40.1
Ballymaguigan,728,710,830,433,779,734,769,803,463,6.5,3,33,0.5,53.3,5,4.4,35.2
Ballymartrim,659,600,542,772,784,706,434,625,448,7.5,4,17.5,0.5,54.3,8.3,5.4,35.8
Ballymote,113,8,247,125,146,99,17,192,206,19.1,5.3,52.4,5.4,80.5,19.4,8.3,44.2
Ballynafeigh 1,684,550,492,733,792,320,800,559,833,7.9,4.1,19.4,0.1,67.3,4.7,5.7,17.9
Ballynafeigh 2,313,437,130,394,150,273,427,120,803,8.8,6.1,34.9,5.3,69.5,8.3,9.2,21
Ballynafeigh 3,151,115,45,99,583,66,304,107,629,12.6,7.1,55.5,1.5,83.8,9.7,9.4,29.5
Ballynahinch East,256,266,421,296,119,238,14,279,452,10.4,4.4,39.6,5.8,71.3,19.6,7.5,35.7
Ballynashallog 1,744,636,411,655,440,843,300,822,711,7.2,4.4,23.1,2.3,45.6,9.8,4.2,25.7
Ballynashallog 2,853,734,563,877,798,879,406,823,856,6.3,3.9,3.8,0,35.3,8.6,4.2,16.2
Ballynure 1,628,514,734,297,337,795,817,431,777,8.2,3.4,39.5,3.1,49.6,4.4,6.4,22.5
Ballynure 2,809,830,872,651,698,731,404,797,804,5,2.6,23.3,1,53.4,8.6,4.5,20.9
Ballyoran,366,414,301,597,484,395,506,345,247,9,5,26.2,2.1,64.6,7.6,6.9,42.6
Ballyrainey,210,425,182,118,686,227,583,181,282,8.9,5.7,53.1,1.1,71.8,7,8.4,41.2
Ballyrobert 1,769,868,850,535,233,523,420,827,776,3.7,2.9,28.3,4.2,60.7,8.4,4.2,22.5
Ballyrobert 2,485,513,798,318,95,290,322,498,683,8.2,3.2,38.3,6.3,68.7,9.4,6,27
Ballysaggart,155,529,67,72,100,160,380,321,182,8.1,6.8,59.6,6.2,75.9,8.8,7.1,45.6
Ballysally 1,114,119,429,60,39,92,98,348,45,12.5,4.3,61.9,9.2,81,14,6.8,57.6
Ballysally 2,103,130,635,11,118,172,72,169,99,12.3,3.7,71.5,5.9,75.3,14.9,8.6,50.5
Ballysillan 1,47,37,95,52,25,21,168,129,66,16.1,6.4,62.8,9.9,87.9,12.2,9.1,54.6
Ballysillan 2,146,235,141,196,107,103,158,203,181,10.8,6,47.2,6,80.3,12.3,8.2,45.6
Ballysillan 3,270,108,351,345,94,232,373,356,349,12.9,4.8,36.9,6.4,71.6,8.9,6.8,39.3
Ballywalter 1,218,211,163,277,464,81,884,140,296,11.2,5.8,40.8,2.2,81.5,2.3,9,40.6
Ballywalter 2,339,159,433,211,736,384,523,340,470,11.9,4.3,45.9,0.8,64.9,7.4,6.9,34.7
Ballyward,513,803,580,378,441,434,728,492,565,5.4,3.8,35.6,2.3,63.2,5.5,6,31.5
Banagher,517,128,716,583,626,583,294,623,290,12.4,3.4,26.7,1.3,59,9.9,5.4,41
Banbridge West,267,157,237,248,412,327,248,319,384,11.9,5.3,42.9,2.5,66.9,10.6,7.1,37.8
Bangor Castle,410,369,452,389,223,469,790,275,598,9.4,4.3,35,4.2,62.4,4.9,7.6,30.4
Bannside,760,589,799,660,767,699,838,753,567,7.7,3.2,22.9,0.6,54.8,4,4.8,31.4
Beechill 1,858,671,889,750,745,824,477,846,862,6.9,2.2,18.9,0.7,47.3,7.9,4,15.8
Beechill 2,758,192,448,781,581,703,499,819,770,11.5,4.3,16.8,1.5,54.5,7.6,4.2,22.8
Beechill 3,642,388,344,706,572,657,695,655,624,9.2,4.8,20.9,1.6,56.3,5.9,5.3,29.6
Beechmount 1,132,473,114,142,61,76,352,147,224,8.5,6.2,51.4,7.6,82.5,9.1,8.9,43.5
Beechmount 2,66,25,87,146,44,54,23,218,63,16.9,6.4,51.1,8.8,84.7,18.3,8.1,54.8
Beechmount 3,162,696,136,124,402,212,436,189,57,6.7,6,52.4,2.6,73.1,8.3,8.4,55.9
Beechwood,257,422,212,315,106,646,307,222,153,9,5.5,38.5,6,56.8,9.7,8.1,47
Belcoo and Garrison,540,337,596,584,770,596,34,648,431,9.7,3.8,26.7,0.6,58.4,17.3,5.3,36.3
Bellaghy,629,811,840,349,364,419,858,781,323,5.3,3,36.7,2.9,63.7,3.3,4.6,39.9
Belleek and Boa,450,42,535,550,760,534,236,522,331,16,4,27.9,0.6,60.4,10.9,5.9,39.8
Bellevue 1,588,220,621,610,49,636,396,678,578,11.1,3.7,25.7,8.5,57,8.6,5.2,31.1
Bellevue 2,127,144,176,163,20,79,61,224,214,12.1,5.7,49.9,10.5,82.2,15.3,8,44
Bellevue 3,204,168,161,326,83,162,196,159,404,11.8,5.8,37.9,6.6,75.9,11.6,8.7,37.1
Belmont 1,866,238,838,857,840,800,711,874,868,10.7,3,8.9,0,49.3,5.7,3.5,14.5
Belmont 2,508,212,556,461,665,340,256,661,625,11.2,3.9,31.6,1.1,66.3,10.5,5.2,29.6
Belmont 3,170,460,192,26,526,134,152,337,271,8.6,5.6,67.4,1.9,77.7,12.4,7,41.5
Benburb,566,739,623,480,488,400,531,692,458,6.2,3.7,30.7,2.1,64.5,7.3,5.1,35.3
Benvardin,309,634,644,178,751,308,335,271,272,7.2,3.6,48.5,0.7,68,9.2,7.6,41.5
Beragh,478,153,376,482,700,589,369,493,554,11.9,4.6,30.6,1,58.6,8.9,6,31.9
Bessbrook,61,107,16,120,348,191,93,44,133,12.9,7.8,53,3,74.2,14.1,10.6,48
Binnian,550,481,540,637,496,495,760,550,382,8.5,4,24,2,61.6,5.2,5.8,37.8
Blackcave,209,359,335,295,695,205,37,145,216,9.5,4.8,39.7,1,73.4,17.2,8.9,43.9
Blackhead,408,793,394,384,99,582,366,197,697,5.5,4.5,35.3,6.2,59,8.9,8.3,26.4
Blackstaff 1,22,65,31,32,34,14,179,15,193,14.4,7.3,66.6,9.4,89.3,11.9,11.6,45.1
Blackstaff 2,36,10,73,202,8,10,102,24,122,18.8,6.6,46.9,12.3,90,13.9,11.1,48.4
Blaris 1,263,303,277,305,51,204,280,380,343,10,5.1,39,8.2,73.6,10.1,6.6,39.5
Blaris 2,843,643,874,799,821,771,483,859,812,7.1,2.6,15.9,0,51.4,7.8,3.8,20
Bleary 1,781,628,737,786,437,717,710,727,754,7.3,3.4,16.7,2.4,53.9,5.7,4.9,24
Bleary 2,567,567,488,577,446,685,732,476,484,7.8,4.1,26.9,2.3,55.3,5.5,6.1,34.1
Bloomfield 1 (Belfast LGD),60,32,93,8,116,73,287,116,335,16.4,6.4,73.7,5.9,82.9,9.9,9.3,39.7
Bloomfield 1 (North Down LGD),233,410,204,247,405,184,485,142,442,9.1,5.6,42.9,2.6,74.4,7.8,8.9,36.1
Bloomfield 2 (Belfast LGD),671,124,576,742,153,382,349,838,714,12.4,3.8,19.1,5.3,64.9,9.1,4,25.5
Bloomfield 2 (North Down LGD),417,423,419,294,585,356,703,461,563,9,4.4,39.7,1.5,65.8,5.8,6.2,31.6
Bloomfield 3 (Belfast LGD),143,208,26,220,124,112,28,160,488,11.2,7.4,45,5.8,79.3,17.8,8.7,34.1
Bluefield 1,486,275,413,416,218,807,344,315,659,10.4,4.4,33.5,4.3,48.7,9.1,7.2,28.3
Bluefield 2,771,730,741,759,586,605,819,703,741,6.3,3.3,18.6,1.5,58,4.4,5.1,24.3
Boho Cleenish and Letterbreen,415,162,633,408,406,483,235,438,471,11.8,3.7,34.1,2.6,61.9,10.9,6.3,34.7
Bonamargy and Rathlin and Glenshesk,696,814,690,542,694,515,765,776,599,5.2,3.5,28,1,61,5.1,4.6,30.4
Boneybefore,587,873,765,314,225,363,585,516,758,3.4,3.3,38.6,4.2,65.6,7,5.9,23.9
Botanic 1,833,197,584,886,797,885,639,552,834,11.5,3.8,1.1,0.1,,6.4,5.7,17.9
Botanic 2,241,856,3,250,1,881,890,1,753,4.2,14.3,42.9,16.6,,0,22.4,24
Botanic 3,303,769,1,628,230,886,399,2,805,5.9,22.6,25,4.2,,8.6,16,20.9
Botanic 4,120,4,2,69,4,884,302,3,726,19.7,16.7,60.2,13.9,,9.7,15.6,25.1
Botanic 5,44,5,9,31,57,377,89,47,138,19.6,8.2,66.6,8.1,65.1,14.3,10.5,47.7
Bradshaw's Brae 1,321,362,489,182,347,671,246,108,627,9.5,4.1,48.3,3,55.8,10.7,9.4,29.6
Bradshaw's Brae 2,845,724,865,757,654,775,797,872,795,6.3,2.8,18.6,1.2,51.2,4.8,3.6,21.5
Brandywell,98,412,110,139,82,319,363,49,42,9,6.3,51.4,6.6,67.5,9,10.4,58.6
Broadway 1,529,301,530,591,314,713,12,317,811,10.1,4,26.4,3.3,54.1,19.8,7.2,20
Broadway 2,813,883,812,570,584,806,860,656,861,3,3.1,27.2,1.5,48.8,3.2,5.3,16
Brookeborough,565,357,547,773,733,799,104,351,350,9.5,3.9,17.5,0.8,49.3,13.8,6.8,39.2
Broughshane 1,592,853,564,454,813,723,792,399,450,4.3,3.9,32,0,53.6,4.9,6.6,35.7
Broughshane 2,709,753,810,666,523,579,718,705,541,6.1,3.1,22.8,1.9,59.1,5.6,5.1,32.3
Brownstown 1,311,378,260,524,725,249,433,190,362,9.3,5.2,28.9,0.8,70.6,8.3,8.3,38.7
Brownstown 2,297,487,207,450,832,296,559,239,222,8.4,5.5,32.3,0,68.4,7.1,7.9,43.5
Bryansburn 1,818,623,834,622,883,805,589,789,838,7.4,3,25.2,0,48.9,6.9,4.5,17.6
Bryansburn 2,807,169,659,797,890,811,767,741,791,11.8,3.6,16.1,0,48.2,5,4.8,21.7
Burleigh Hill 1,705,885,652,690,187,355,788,734,681,2.9,3.6,21.4,4.7,65.8,4.9,4.9,27.1
Burleigh Hill 2,782,748,682,738,301,705,400,836,755,6.2,3.5,19.3,3.4,54.3,8.6,4,23.9
Burnthill 1,498,141,371,668,349,623,759,359,516,12.1,4.7,22.7,3,57.4,5.2,6.8,33.3
Burnthill 2,516,765,472,495,214,528,833,386,592,5.9,4.2,30.1,4.3,60.6,4.1,6.6,30.5
Burren and Kilbroney 1,716,677,474,778,549,779,777,649,562,6.8,4.2,17.2,1.7,50.7,4.9,5.3,31.6
Burren and Kilbroney 2,789,746,487,809,775,720,680,817,721,6.2,4.1,14.7,0.5,53.8,6,4.2,25.3
Cairnshill 1,854,633,870,767,765,853,679,865,846,7.3,2.7,17.8,0.6,44.7,6,3.7,16.8
Cairnshill 2,717,89,794,304,422,727,110,860,820,13.4,3.2,39,2.5,53.5,13.6,3.8,19.5
Caledon,668,420,829,658,439,655,662,676,429,9,3.1,23,2.3,56.4,6.2,5.2,36.4
Callan Bridge,97,299,23,245,327,117,148,63,130,10.1,7.6,43,3.2,79.1,12.6,10.1,48.1
Camlough,599,341,614,653,749,785,530,488,392,9.7,3.7,23.2,0.7,50.3,7.4,6,37.4
Camowen,457,293,255,549,615,584,414,540,393,10.1,5.2,27.9,1.4,58.9,8.5,5.8,37.4
Carn Hill 1,315,272,145,633,539,599,317,294,107,10.4,6,24.5,1.8,58.3,9.5,7.4,49.5
Carn Hill 2,144,713,232,151,48,313,39,207,43,6.5,5.4,50.3,8.6,67.8,17,8.2,58.5
Carnany,302,573,446,407,404,338,345,230,241,7.8,4.3,34.2,2.6,66.4,9.1,8,42.8
Carncastle,751,802,789,747,271,740,776,463,788,5.4,3.2,19,3.7,53.1,4.9,6.2,21.8
Carnlough,440,855,416,547,374,464,295,414,319,4.2,4.4,27.9,2.8,62.6,9.9,6.5,39.9
Carnmoney 1,69,47,133,40,577,210,112,37,140,15.6,6,64.8,1.6,73.1,13.6,10.8,47.7
Carnmoney 2,619,740,660,600,180,550,848,465,686,6.2,3.6,26,4.8,59.8,3.6,6.2,26.8
Carnmoon and Dunseverick,490,839,819,401,483,418,448,364,357,4.7,3.1,34.3,2.1,63.7,8.1,6.8,38.9
Carrigatuke,686,844,631,841,776,524,549,690,263,4.6,3.7,11.4,0.5,60.7,7.2,5.1,41.9
Carrowdore 1,683,577,618,751,290,549,637,696,658,7.8,3.7,18.9,3.5,59.8,6.4,5.1,28.4
Carrowdore 2,539,397,484,436,682,404,605,711,515,9.2,4.1,32.9,1.1,64.3,6.8,5,33.3
Carrowreagh 1,700,315,583,665,766,576,692,756,701,9.9,3.8,22.8,0.6,59.2,5.9,4.8,26.3
Carrowreagh 2,225,382,193,170,554,115,298,460,205,9.3,5.6,49.1,1.7,79.2,9.8,6.2,44.3
Carryduff East 1,825,675,824,815,734,832,486,706,854,6.9,3.1,13.9,0.8,46.5,7.8,5.1,16.3
Carryduff East 2,734,352,677,764,504,825,311,631,740,9.5,3.6,18.1,2,47.2,9.6,5.4,24.4
Carryduff West 1,874,804,885,840,588,839,594,871,851,5.4,2.4,11.5,1.5,46.1,6.8,3.6,16.5
Carryduff West 2,768,599,735,782,525,769,488,602,802,7.5,3.4,16.8,1.9,51.6,7.8,5.5,21.2
Castle Demesne,94,237,42,140,14,108,634,104,121,10.8,7.1,51.4,11.2,79.8,6.5,9.4,48.6
Castlecaulfield,621,228,710,561,195,772,319,713,523,10.9,3.5,27.4,4.5,51.4,9.4,5,33
Castlecoole 1,202,101,295,121,294,570,68,90,388,13.1,5,52.5,3.5,59.3,14.9,9.6,37.6
Castlecoole 2,669,615,518,634,858,790,458,452,743,7.4,4,24.4,0,50,8,6.3,24.3
Castledawson 1,301,229,506,415,232,321,233,328,250,10.9,4.1,33.5,4.2,67.2,10.9,7.1,42.3
Castledawson 2,552,458,642,418,677,406,786,668,425,8.6,3.7,33.5,1.1,64.2,4.9,5.2,36.5
Castlederg,260,627,483,325,546,394,538,135,95,7.3,4.1,38.1,1.8,64.7,7.3,9,50.7
Castlerock 1,320,349,427,279,257,341,321,484,285,9.6,4.3,40.7,3.8,66.2,9.4,6.1,41.1
Castlerock 2,470,230,240,663,143,477,475,413,669,10.9,5.3,22.9,5.4,62.2,7.9,6.5,27.9
Castleview 1,91,76,396,42,46,91,129,141,126,14.1,4.5,64.5,8.8,81,13.1,8.9,48.2
Castleview 2,805,288,758,839,550,710,391,815,818,10.2,3.3,11.5,1.7,54.2,8.7,4.3,19.6
Castleview 3,334,433,285,449,129,376,694,292,356,8.9,5.1,32.4,5.7,65.2,5.9,7.4,38.9
Castlewellan 1,142,243,108,134,641,279,203,51,268,10.7,6.3,51.8,1.3,69.1,11.5,10.4,41.7
Castlewellan 2,418,161,455,611,470,417,276,295,574,11.8,4.3,25.7,2.2,63.8,10.2,7.4,31.2
Cathedral 1,395,132,352,716,183,284,122,477,447,12.3,4.8,20.5,4.8,69,13.3,6.1,35.9
Cathedral 2,158,16,267,141,87,187,114,254,195,17.9,5.2,51.4,6.6,74.3,13.5,7.8,44.9
Cavehill 1,755,728,835,752,252,588,145,718,787,6.3,3,18.9,3.9,58.7,12.7,5,21.8
Cavehill 2,844,773,800,859,166,783,850,790,866,5.8,3.2,8.8,5.1,50.4,3.6,4.5,15.3
Cavehill 3,778,660,673,758,168,758,284,830,749,7,3.6,18.6,5,52.2,10,4.1,24.1
Caw,189,313,179,166,373,235,67,234,226,9.9,5.7,49.5,2.8,71.4,15,8,43.3
Central (Ards LGD),107,146,102,103,690,50,418,76,213,12,6.3,55.1,1,85,8.5,9.9,44
Central (Coleraine LGD),226,201,123,83,19,887,669,77,152,11.3,6.1,58.3,10.6,,6.1,9.8,47
Central (Larne LGD),268,92,456,417,98,135,606,250,320,13.3,4.3,33.5,6.2,77.7,6.8,7.8,39.9
Charlemont,627,533,700,603,508,542,805,652,474,8.1,3.5,25.9,2,60.1,4.6,5.3,34.6
Cherryvalley 1,883,877,568,881,715,860,754,889,874,3.4,3.9,3.1,0.9,43.1,5.4,2.8,12.3
Cherryvalley 2,868,866,435,870,831,803,682,885,863,3.8,4.3,5.8,0,49.2,6,3.3,15.8
Cherryvalley 3,394,300,227,365,672,314,132,581,633,10.1,5.4,36,1.1,67.8,13,5.6,29.3
Chichester Park 1,141,340,122,108,27,216,47,146,370,9.7,6.2,54.2,9.7,72.9,16.4,8.9,38.4
Chichester Park 2,421,17,369,568,191,643,197,327,680,17.7,4.7,27.3,4.6,56.9,11.6,7.1,27.2
Chichester Park 3,400,14,503,426,139,471,138,495,667,18,4.1,33.4,5.5,62.3,12.8,6,28
Church,33,34,53,50,535,67,10,17,97,16.3,7.1,63,1.8,83.7,20.3,11.4,50.6
Churchill 1,711,94,693,801,849,831,560,289,767,13.3,3.5,15.8,0,46.7,7.1,7.4,23.2
Churchill 2,801,387,712,887,260,701,332,644,800,9.2,3.4,0.5,3.8,54.6,9.2,5.3,21.2
Churchland,149,608,319,101,86,180,535,119,92,7.5,4.9,55.1,6.6,74.8,7.3,9.2,51
Clady,719,727,589,734,520,458,617,809,647,6.3,3.8,19.4,1.9,62.7,6.6,4.3,28.8
Clanabogan,680,434,828,696,536,735,372,628,491,8.8,3.1,21.1,1.8,53.3,8.9,5.4,34
Clandeboye 1,379,555,373,361,247,304,603,375,559,7.9,4.6,36.2,3.9,68.1,6.8,6.7,31.7
Clandeboye 2,636,485,591,730,282,580,524,517,715,8.4,3.8,19.7,3.6,59.1,7.4,5.9,25.5
Clandeboye 3,124,419,194,73,117,105,544,30,440,9,5.6,59.6,5.9,80.2,7.3,10.9,36.1
Clare,451,489,755,373,434,473,575,612,137,8.4,3.3,35.7,2.4,62.3,7,5.4,47.8
Claudy 1,471,109,521,669,711,441,571,525,240,12.9,4,22.6,0.9,63,7,5.9,42.9
Claudy 2,571,259,562,588,607,516,561,759,304,10.5,3.9,26.6,1.4,60.9,7.1,4.7,40.4
Cliftonville 1,183,91,186,236,104,258,162,229,159,13.4,5.7,44,6,70.1,12.3,8,46.8
Cliftonville 2,580,241,449,810,235,421,178,715,428,10.7,4.3,14.6,4.1,63.6,12,5,36.4
Cliftonville 3,129,176,170,197,59,151,36,226,96,11.7,5.8,47,7.7,76.3,17.2,8,50.6
Clipperstown,159,560,220,154,109,136,763,98,112,7.8,5.4,50.1,6,77.6,5.2,9.5,49.2
Clogh Mills,459,507,407,604,503,350,681,554,279,8.3,4.4,25.9,2,66.1,6,5.7,41.3
Clogher,393,371,851,258,399,500,192,338,328,9.4,2.9,42.3,2.6,61.4,11.7,7,39.8
Clonallan 1,198,74,75,117,703,301,675,187,322,14.2,6.6,53.1,1,68.2,6.1,8.4,39.9
Clonallan 2,661,206,327,719,786,690,715,639,708,11.3,4.8,20.2,0.4,55.2,5.6,5.3,25.9
Clonard 1,101,289,97,90,205,198,97,199,46,10.2,6.4,57.4,4.4,74,14,8.2,57.4
Clonard 2,73,67,84,131,22,146,15,173,75,14.4,6.5,52,10,76.9,19.6,8.5,52.9
Clondermot 1,174,140,107,160,400,303,292,245,104,12.1,6.3,50,2.6,68.1,9.9,7.9,49.6
Clondermot 2,551,154,586,590,339,650,193,562,597,11.9,3.8,26.5,3.1,56.6,11.7,5.7,30.4
Cloughfern 1,446,395,657,306,791,387,649,408,460,9.2,3.6,39,0.1,64.8,6.4,6.5,35.3
Cloughfern 2,278,747,246,152,790,110,862,297,330,6.2,5.3,50.3,0.2,79.5,3.2,7.3,39.8
Coagh,413,519,703,387,370,374,463,487,277,8.2,3.5,35.1,2.9,65.2,8,6,41.3
Coalisland North,325,592,211,402,204,498,591,307,269,7.6,5.5,34.3,4.4,61.5,6.9,7.3,41.7
Coalisland South,199,290,57,353,264,393,424,138,167,10.2,7,36.6,3.8,64.7,8.4,9,46.5
Coalisland West and Newmills,235,185,66,338,325,360,384,157,449,11.6,6.8,37.2,3.2,65.7,8.8,8.7,35.8
Collin Glen 1,50,36,60,252,43,82,8,25,69,16.1,6.9,42.7,9,81.5,21.5,11.1,53.8
Collin Glen 2,30,56,19,100,199,62,11,93,13,14.9,7.8,55.3,4.5,84,20.3,9.6,65
Collin Glen 3,11,60,40,48,229,64,4,10,20,14.8,7.2,63.6,4.2,83.9,22.5,12,62.2
Collinbridge 1,763,571,757,705,234,798,395,795,674,7.8,3.3,20.9,4.1,49.4,8.7,4.5,27.8
Collinbridge 2,733,537,539,661,429,608,578,829,768,8.1,4,22.9,2.4,58,7,4.1,23.1
Comber East 1,271,536,229,184,827,240,570,161,507,8.1,5.4,48.3,0,71.2,7,8.7,33.5
Comber East 2,634,682,480,478,692,444,876,771,518,6.8,4.1,30.7,1,63,2.7,4.6,33.2
Comber North 1,59,523,101,56,865,72,265,9,110,8.2,6.3,62.1,0,82.9,10.3,12,49.3
Comber North 2,569,509,587,507,352,545,812,515,572,8.3,3.8,29.8,3,60,4.5,5.9,31.3
Comber West 1,804,869,510,771,819,649,752,853,750,3.6,4,17.6,0,56.7,5.4,3.9,24
Comber West 2,791,860,538,468,456,850,885,833,735,4.1,4,31.3,2.3,44.9,2.3,4.1,24.6
Conlig 1,402,322,390,465,341,452,314,329,628,9.9,4.5,31.4,3.1,62.8,9.5,7.1,29.6
Conlig 2,458,638,622,375,212,309,515,357,712,7.2,3.7,35.7,4.3,68,7.5,6.8,25.7
Conlig 3,192,355,217,200,156,90,558,223,215,9.5,5.4,46.9,5.2,81.1,7.1,8.1,44
Coole,71,90,129,128,114,23,308,106,82,13.4,6.1,52.2,5.9,87.7,9.7,9.4,51.6
Coolessan,67,502,147,58,857,98,53,32,58,8.3,5.9,61.9,0,80.6,15.9,10.9,55.9
Coolhill,361,697,185,419,194,156,629,580,405,6.6,5.7,33.5,4.6,76.1,6.5,5.6,37.1
Coolnagard,468,596,273,466,787,642,405,506,378,7.6,5.1,31.4,0.4,56.9,8.6,6,37.9
Corcrain 1,136,376,77,229,414,140,115,171,109,9.3,6.6,44.2,2.5,77.4,13.5,8.6,49.4
Corcrain 2,81,522,34,63,273,33,338,243,77,8.2,7.3,61.2,3.7,86.8,9.2,7.9,52.6
Court 1,68,136,51,157,445,132,218,53,40,12.2,7.1,50,2.3,77.8,11.2,10.3,58.8
Court 2,115,651,151,80,201,278,60,81,114,7.1,5.9,58.7,4.4,69.1,15.3,9.8,49.1
Craigavad,846,861,854,818,757,770,879,716,857,4.1,2.9,13.7,0.7,51.4,2.7,5,16.2
Craigy Hill,145,490,275,79,176,153,422,115,180,8.4,5.1,58.7,4.9,76.2,8.4,9.3,45.8
Craigywarren,827,859,863,643,527,737,758,882,639,4.1,2.8,23.8,1.9,53.2,5.2,3.5,29
Cranfield,774,551,860,677,768,777,846,630,607,7.9,2.9,22.3,0.6,51,3.6,5.4,30.3
Crawfordsburn,850,612,814,837,602,857,686,812,873,7.4,3.1,11.8,1.5,43.9,6,4.3,12.8
Cregagh,80,9,223,93,202,35,111,144,149,19.1,5.4,56.6,4.4,86.7,13.6,8.9,47.1
Creggan,391,792,471,238,668,342,521,590,262,5.6,4.2,43.8,1.1,66.2,7.5,5.6,41.9
Creggan Central 1,31,103,37,67,64,138,195,38,9,13.1,7.2,60.5,7.4,77.5,11.7,10.8,66
Creggan Central 2,165,255,82,194,11,561,783,113,59,10.5,6.5,47.4,11.5,59.7,4.9,9.3,55.8
Creggan South,57,246,70,114,72,241,146,43,17,10.7,6.7,53.4,7,71.1,12.6,10.6,64.2
Crevagh 1,372,391,206,470,356,600,426,368,367,9.2,5.5,31.2,3,58.2,8.4,6.7,38.5
Crevagh 2,32,187,25,143,318,186,64,13,7,11.6,7.5,51.3,3.3,74.3,15.1,11.7,66.3
Crevagh 3,259,332,111,506,425,634,257,130,165,9.8,6.3,29.8,2.4,57.1,10.5,9.1,46.6
Cross Glebe,139,361,458,64,40,137,323,262,68,9.5,4.2,61.1,9.1,77.6,9.4,7.7,54.3
Crossgar 1,698,484,664,676,636,612,383,802,594,8.5,3.6,22.3,1.3,57.8,8.8,4.4,30.5
Crossgar 2,553,334,426,578,552,537,297,458,759,9.8,4.3,26.8,1.7,60.3,9.8,6.2,23.8
Crossmaglen,276,702,274,213,382,233,350,543,160,6.6,5.1,45.6,2.8,71.5,9.1,5.8,46.8
Crumlin 1 (Antrim LGD),476,158,339,689,385,663,176,395,511,11.9,4.8,21.4,2.7,56.2,12,6.6,33.4
Crumlin 1 (Belfast LGD),20,79,35,81,37,27,118,69,4,14,7.3,58.5,9.2,87.5,13.4,10,67.2
Crumlin 2 (Antrim LGD),390,262,231,487,161,354,439,579,472,10.5,5.4,30.4,5.1,65.8,8.2,5.6,34.7
Crumlin 2 (Belfast LGD),10,13,27,38,6,31,95,45,11,18.4,7.4,65.6,12.5,86.9,14.1,10.6,65.9
Cullybackey,380,819,572,388,151,192,417,479,352,5.2,3.9,35.1,5.3,74.2,8.5,6.1,39.2
Culmore 1,793,824,333,744,192,863,798,799,782,5.1,4.8,19.1,4.6,42.4,4.7,4.5,22.3
Culmore 2,64,254,11,62,522,169,214,231,18,10.6,8,61.5,1.9,75.3,11.3,8,63.6
Culmore 3,128,271,58,185,112,294,274,150,79,10.4,6.9,48.2,6,68.5,10.2,8.8,52.4
Culmore 4,377,477,4,635,386,614,415,634,326,8.5,9.5,24.3,2.7,57.8,8.5,5.4,39.9
Culmore 5,826,786,378,869,772,818,668,826,792,5.6,4.6,6.1,0.6,47.6,6.1,4.2,21.7
Cultra,871,632,795,873,597,868,864,839,870,7.3,3.2,4.9,1.5,42.2,3.1,4,14
Daisy Hill 1,105,83,24,165,514,133,154,213,76,13.9,7.5,49.8,2,77.7,12.4,8.1,52.9
Daisy Hill 2,213,114,41,459,159,157,441,371,186,12.7,7.1,31.7,5.1,76,8.2,6.7,45.5
Dalriada,608,258,347,511,573,744,255,779,593,10.5,4.8,29.7,1.6,52.7,10.6,4.6,30.5
Demesne 1,762,605,461,770,663,759,555,750,763,7.5,4.2,17.6,1.1,52.2,7.1,4.8,23.5
Demesne 2,502,164,346,718,661,691,453,344,479,11.8,4.8,20.3,1.2,55.1,8,6.9,34.5
Dergmoney,564,624,432,623,274,658,421,556,520,7.4,4.3,25.1,3.7,56.3,8.4,5.7,33.1
Derryaghy 1,261,213,254,312,254,149,182,442,312,11.2,5.2,38.7,3.8,76.5,11.8,6.3,40.1
Derryaghy 2,434,444,447,586,286,295,566,533,337,8.8,4.3,26.6,3.6,68.5,7,5.8,39.6
Derryaghy 3,397,384,379,405,345,468,347,401,560,9.3,4.6,34.2,3,62.4,9.1,6.6,31.7
Derryboy 1,792,796,809,700,330,664,600,811,794,5.5,3.1,21,3.1,56.2,6.8,4.3,21.5
Derryboy 2,657,360,515,554,633,780,704,659,652,9.5,4,27.7,1.3,50.7,5.8,5.2,28.6
Derrygonnelly,546,342,749,439,771,622,229,548,466,9.6,3.3,32.8,0.6,57.5,10.9,5.8,34.9
Derryleckagh 1,800,588,545,793,867,809,873,840,519,7.7,4,16.2,0,48.6,2.8,4,33.2
Derryleckagh 2,748,639,402,777,565,667,678,807,696,7.2,4.4,17.2,1.6,55.9,6,4.3,26.4
Derrylin,487,452,666,391,814,559,91,553,394,8.7,3.6,35,0,59.7,14.2,5.7,37.4
Derrymore 1,242,209,189,497,460,291,108,131,334,11.2,5.7,30.1,2.3,68.7,13.6,9.1,39.8
Derrymore 2,240,418,244,254,417,267,161,274,260,9,5.3,42.6,2.5,69.8,12.3,7.6,42
Derrynoose,664,775,637,694,789,617,330,749,380,5.8,3.7,21.2,0.3,57.7,9.3,4.8,37.8
Derrytrasna 1,681,737,797,563,424,626,390,765,540,6.2,3.2,27.4,2.5,57.3,8.7,4.7,32.3
Derrytrasna 2,570,617,778,463,635,508,210,598,499,7.4,3.2,31.5,1.3,61.1,11.4,5.5,33.7
Dervock,439,264,370,324,375,786,588,425,406,10.4,4.7,38.2,2.8,50.3,6.9,6.4,37.1
Devenish,153,61,160,430,378,173,1,158,144,14.8,5.8,33.3,2.8,75.2,29.7,8.7,47.4
Doagh 1,720,652,847,701,334,517,576,653,707,7.1,2.9,20.9,3.1,60.9,7,5.3,25.9
Doagh 2,645,886,698,444,719,567,770,496,646,2.7,3.5,32.6,0.9,59.4,5,6,28.8
Donagh,605,647,481,823,307,635,267,660,267,7.1,4.1,13.3,3.3,57,10.3,5.2,41.7
Donaghadee North 1,623,517,676,832,856,189,291,549,568,8.2,3.6,12.3,0,74.2,9.9,5.8,31.4
Donaghadee North 2,790,287,494,851,544,766,813,712,813,10.2,4.1,10.2,1.8,51.7,4.5,5,19.9
Donaghadee South 1,163,263,128,180,298,155,811,54,239,10.4,6.1,48.5,3.4,76.1,4.5,10.3,42.9
Donaghadee South 2,385,350,322,526,603,293,482,303,555,9.6,4.9,28.7,1.4,68.6,7.8,7.3,31.9
Donaghcloney 1,520,761,727,374,319,281,318,670,564,6,3.4,35.7,3.3,69,9.5,5.2,31.5
Donaghcloney 2,688,851,651,475,529,546,789,710,732,4.4,3.6,30.9,1.9,59.9,4.9,5,24.7
Donaghmore,586,345,581,579,169,544,557,731,486,9.6,3.8,26.8,5,60,7.1,4.9,34.1
Donaghmore 1,727,777,554,722,828,675,539,810,468,5.8,3.9,20,0,55.7,7.3,4.3,34.8
Donaghmore 2,783,520,803,530,729,804,886,831,551,8.2,3.2,28.6,0.8,48.9,2.1,4.1,32
Donard 1,675,721,388,798,594,676,208,615,702,6.4,4.5,16,1.5,55.6,11.4,5.4,26.1
Donard 2,735,771,519,580,477,816,444,721,808,5.8,4,26.8,2.2,47.7,8.2,4.9,20.1
Downs,368,329,438,268,323,497,342,626,231,9.8,4.3,41.3,3.2,61.6,9.1,5.4,43.1
Downshire,473,655,544,560,287,158,296,588,558,7.1,4,27.4,3.6,76,9.8,5.6,31.8
Draperstown,575,411,343,652,781,425,717,752,317,9.1,4.8,23.2,0.5,63.5,5.6,4.8,39.9
Dromara 1,861,233,862,844,755,869,768,861,831,10.8,2.8,10.9,0.7,40.9,5,3.8,18.1
Dromara 2,693,316,732,537,816,754,310,748,650,9.9,3.4,28.3,0,52.3,9.6,4.8,28.7
Dromore,595,110,842,710,747,531,354,567,278,12.8,3,20.7,0.7,60.5,9.1,5.7,41.3
Dromore North,351,442,434,316,315,239,385,407,494,8.8,4.3,38.4,3.3,71.3,8.8,6.5,33.9
Dromore South 1,687,648,805,310,804,519,859,772,637,7.1,3.2,38.8,0,60.8,3.3,4.6,29.1
Dromore South 2,736,511,766,573,614,641,751,758,752,8.3,3.3,27.1,1.4,56.9,5.4,4.8,24
Drumalane 1,322,575,100,291,708,280,370,443,475,7.8,6.3,40,0.9,69.1,8.9,6.3,34.6
Drumalane 2,625,741,265,675,432,674,826,539,660,6.2,5.2,22.3,2.4,55.8,4.2,5.8,28.2
Drumanaway,573,733,529,638,474,569,565,480,506,6.3,4,24,2.2,59.3,7,6.1,33.5
Drumaness 1,369,405,317,512,284,316,306,372,482,9.1,4.9,29.6,3.6,67.7,9.7,6.7,34.3
Drumaness 2,662,756,683,641,512,672,209,584,718,6.1,3.5,23.8,2,55.8,11.4,5.6,25.4
Drumbo 1,885,871,877,879,660,862,707,870,880,3.5,2.5,3.6,1.2,42.8,5.7,3.6,10.9
Drumbo 2,823,190,678,860,815,763,756,834,793,11.5,3.6,8.4,0,52,5.3,4.1,21.6
Drumgask 1,164,251,300,137,78,181,171,220,124,10.6,5,51.5,6.8,74.7,12.1,8.1,48.3
Drumgask 2,24,81,90,14,246,47,35,67,21,14,6.4,70.6,3.9,85.3,17.3,10,62.1
Drumglass,206,331,112,223,178,215,135,363,237,9.8,6.3,44.6,4.8,72.9,12.9,6.8,43
Drumgor 1,195,394,171,109,236,203,282,259,291,9.2,5.7,54.1,4.1,73.6,10,7.7,41
Drumgor 2,37,336,15,21,164,171,18,64,81,9.7,7.8,69.5,5.1,75.3,19.1,10.1,52
Drumgullion 1,102,298,18,96,871,225,55,111,103,10.1,7.8,55.9,0,72,15.7,9.4,50
Drumgullion 2,399,657,125,522,587,510,636,350,461,7.1,6.1,29,1.5,61.1,6.5,6.8,35.2
Drumnakilly,639,393,636,678,551,714,683,689,347,9.2,3.7,22.2,1.7,54.1,6,5.1,39.4
Drumnamoe 1,62,292,88,210,84,106,337,35,28,10.2,6.4,45.9,6.6,80,9.2,10.8,61.4
Drumnamoe 2,332,85,634,598,228,311,520,237,198,13.8,3.7,26.1,4.2,67.9,7.5,7.9,44.9
Drumquin,507,576,561,606,874,494,416,555,207,7.8,3.9,25.8,0,61.6,8.5,5.7,44.2
Drumragh,542,598,304,704,413,607,429,560,427,7.5,5,20.9,2.5,58,8.3,5.7,36.4
Dufferin,196,339,338,147,836,161,542,55,305,9.7,4.8,51,0,75.9,7.3,10.3,40.3
Dunanney,43,121,197,71,110,5,216,66,48,12.5,5.6,59.6,6,91.6,11.3,10,57.3
Duncairn 1,35,78,22,107,15,41,177,21,120,14,7.7,54.3,11.1,86.1,12,11.2,48.8
Duncairn 2,56,99,99,36,162,69,222,88,62,13.1,6.3,65.9,5.1,83.4,11.1,9.6,55.1
Dunclug,96,580,62,122,12,40,353,153,139,7.7,6.8,52.5,11.4,86.1,9.1,8.8,47.7
Dundonald 1,747,829,469,743,691,509,410,800,783,5,4.2,19.1,1,61.1,8.5,4.4,22.3
Dundonald 2,655,821,361,726,461,399,622,767,604,5.2,4.7,19.8,2.2,64.5,6.6,4.7,30.3
Dundooan 1,345,709,609,97,105,440,748,361,424,6.5,3.7,55.6,6,63,5.4,6.8,36.5
Dundooan 2,752,842,465,766,380,742,750,597,809,4.7,4.2,17.8,2.8,52.9,5.4,5.5,20.1
Dundrum,427,616,551,428,396,324,231,388,609,7.4,3.9,33.3,2.6,67.1,10.9,6.6,30.1
Dungiven,455,232,499,648,506,539,612,449,212,10.8,4.1,23.4,2,60.2,6.7,6.3,44
Dunloy,643,686,625,650,688,527,640,760,345,6.7,3.7,23.3,1,60.6,6.4,4.7,39.5
Dunluce,670,223,726,275,487,725,698,852,588,11,3.4,41.1,2.1,53.6,5.8,3.9,30.6
Dunminning,701,838,785,517,769,431,827,773,526,4.7,3.2,29.3,0.6,63.3,4.2,4.6,33
Dunmore,656,595,738,551,465,680,254,620,728,7.6,3.4,27.8,2.2,55.5,10.6,5.4,24.9
Dunmurry 1,641,521,476,812,381,466,595,468,727,8.2,4.2,14.4,2.8,62.5,6.8,6.2,25.1
Dunmurry 2,841,783,598,846,524,859,755,845,826,5.7,3.8,10.6,1.9,43.3,5.4,4,19.2
Dunnamanagh,443,283,718,697,653,555,309,378,93,10.3,3.4,21.1,1.2,59.8,9.6,6.7,50.8
Dunnamore,590,779,498,469,369,715,872,730,176,5.7,4.1,31.3,2.9,54.1,2.8,4.9,46
East,14,202,50,17,433,188,83,7,10,11.3,7.1,70,2.4,74.3,14.5,12.3,66
Ebrington 1,602,260,425,864,794,548,163,404,514,10.5,4.3,7,0.1,59.8,12.3,6.5,33.3
Ebrington 2,166,583,173,204,80,97,225,164,187,7.7,5.7,46.8,6.7,80.6,11,8.7,45.5
Eden 1,585,826,747,476,310,373,525,500,688,5.1,3.3,30.8,3.3,65.2,7.4,6,26.8
Eden 2,480,446,468,564,90,529,460,472,527,8.8,4.2,27.4,6.5,60.6,8,6.2,32.9
Edenderry,182,104,282,227,430,152,150,176,172,13,5.1,44.3,2.4,76.2,12.5,8.5,46.2
Edenderry 1,449,618,393,644,278,538,604,186,537,7.4,4.5,23.8,3.7,60.2,6.8,8.4,32.6
Edenderry 2,426,797,360,500,889,370,41,318,502,5.5,4.7,30,0,65.4,16.8,7.2,33.6
Eglinton 1,707,789,514,714,541,838,567,596,606,5.6,4,20.6,1.8,46.1,7,5.5,30.3
Eglinton 2,685,466,640,755,785,632,362,618,670,8.5,3.7,18.7,0.4,57.1,9,5.4,27.9
Enagh 1 (Derry LGD),280,234,348,309,365,345,234,440,183,10.8,4.8,38.8,2.9,66.2,10.9,6.3,45.6
Enagh 1 (Limavady LGD),710,695,780,711,403,751,476,688,512,6.7,3.2,20.7,2.6,52.4,7.9,5.1,33.4
Enagh 2 (Derry LGD),729,705,497,715,634,684,766,735,693,6.6,4.1,20.6,1.3,55.4,5.1,4.9,26.5
Enagh 2 (Limavady LGD),173,642,203,190,308,141,49,263,88,7.2,5.6,47.6,3.3,77.4,16.3,7.7,51.3
Enler,130,106,127,209,253,89,283,143,150,12.9,6.1,46,3.9,81.2,10,8.9,47.1
Erne,205,39,126,276,291,351,63,255,288,16,6.1,41.1,3.5,66,15.2,7.8,41.1
Fair Green,223,593,191,133,158,122,364,417,311,7.6,5.7,51.9,5.2,78.5,9,6.5,40.1
Fairhill,411,867,646,251,713,270,580,627,147,3.7,3.6,42.9,0.9,69.6,7,5.4,47.2
Fairy Water,802,857,629,783,666,829,516,848,584,4.2,3.7,16.7,1.1,46.9,7.5,3.9,30.9
Falls 1,27,455,106,45,36,88,5,57,8,8.7,6.3,64.2,9.2,81.2,22.4,10.2,66.1
Falls 2,9,29,109,27,122,75,9,58,1,16.6,6.3,67.3,5.8,82.6,20.6,10.2,71.7
Falls 3,46,142,59,75,47,26,174,73,64,12.1,6.9,59.3,8.6,87.7,12.1,9.9,54.8
Falls Park 1,293,309,320,329,807,562,79,139,400,10,4.9,37.6,0,59.6,14.6,9,37.2
Falls Park 2,428,62,479,630,66,615,119,569,325,14.7,4.1,24.6,7.4,57.7,13.4,5.7,39.9
Falls Park 3,340,295,408,613,91,401,130,316,293,10.1,4.4,25.7,6.4,64.5,13,7.2,40.7
Farranshane,138,28,286,53,237,114,610,242,177,16.8,5.1,62.5,4,79.3,6.7,7.9,46
Fathom,355,396,13,601,458,512,467,403,473,9.2,7.9,26,2.3,61,8,6.5,34.7
Feeny,389,430,414,539,367,609,518,470,123,8.9,4.4,28.2,2.9,57.9,7.5,6.2,48.3
Finaghy 1,816,609,776,768,471,846,834,768,772,7.4,3.3,17.8,2.2,45.4,4.1,4.7,22.8
Finaghy 2,875,472,836,856,416,872,627,883,867,8.5,3,9.3,2.5,39.9,6.6,3.5,14.6
Finaghy 3,819,875,796,746,578,644,513,858,807,3.4,3.2,19.1,1.6,56.8,7.5,3.8,20.7
Finn,236,687,381,241,511,266,572,148,146,6.7,4.6,43.6,2,69.8,7,8.9,47.2
Fintona,436,864,694,440,854,339,641,339,156,3.9,3.5,32.7,0,66.3,6.4,6.9,46.9
Fivemiletown,298,408,364,377,863,409,532,166,208,9.1,4.7,35.6,0,64.2,7.3,8.6,44.2
Florence Court and Kinawley,583,143,801,533,868,693,44,611,386,12.1,3.2,28.5,0,55.1,16.7,5.4,37.7
Forest,492,711,517,515,662,449,842,471,253,6.5,4,29.5,1.1,62.9,3.9,6.2,42.2
Forkhill 1,448,225,403,572,679,587,213,310,539,11,4.4,27.1,1.1,58.7,11.3,7.2,32.4
Forkhill 2,624,813,611,698,561,631,536,502,521,5.3,3.7,21.1,1.7,57.1,7.3,6,33.1
Fort,383,180,334,483,285,368,733,384,453,11.7,4.8,30.6,3.6,65.5,5.5,6.6,35.5
Fortwilliam 1,797,845,486,866,515,621,212,867,605,4.5,4.1,6.7,2,57.5,11.4,3.7,30.3
Fortwilliam 2,266,253,225,445,134,252,747,208,249,10.6,5.4,32.5,5.6,70.5,5.4,8.2,42.4
Fortwilliam 3,630,216,592,804,76,694,211,474,730,11.1,3.8,15.2,6.9,55,11.4,6.2,24.8
Fountain Hill,215,186,230,187,718,223,247,270,203,11.6,5.4,48,0.9,72.1,10.7,7.6,44.6
Foyle Springs 1,738,809,424,761,558,814,664,699,642,5.3,4.3,18.5,1.7,47.9,6.2,5.1,28.9
Foyle Springs 2,343,858,174,499,111,423,528,246,338,4.1,5.7,30,6,63.6,7.4,7.8,39.6
Galgorm 1,750,887,599,728,652,627,835,784,465,2.7,3.8,19.8,1.2,57.3,4.1,4.6,34.9
Galgorm 2,873,890,781,843,450,873,821,864,842,1.3,3.2,11,2.3,39,4.3,3.8,17.2
Galwally,834,312,762,826,336,834,514,857,859,9.9,3.3,12.9,3.1,46.3,7.5,3.8,16.1
Gardenmore,536,584,508,403,142,251,866,743,534,7.7,4.1,34.3,5.4,70.5,3,4.8,32.6
Garvagh,467,389,770,455,68,398,328,687,243,9.2,3.3,31.9,7.2,64.6,9.4,5.1,42.7
Gilford,289,706,401,425,272,182,237,314,236,6.5,4.4,33.4,3.7,74.7,10.8,7.2,43
Gilnahirk,829,435,704,855,750,726,367,855,844,8.8,3.5,9.6,0.7,53.6,8.9,3.9,17
Glack,653,496,689,737,620,637,512,685,391,8.4,3.5,19.3,1.4,57,7.5,5.1,37.5
Glebe,678,483,557,510,655,752,699,801,528,8.5,3.9,29.7,1.2,52.3,5.8,4.4,32.9
Glebe 1 (Magherafelt LGD),610,658,259,330,582,718,820,697,706,7.1,5.2,37.6,1.5,53.9,4.4,5.1,25.9
Glebe 1 (Newtownabbey LGD),558,324,707,501,480,489,238,571,626,9.9,3.5,30,2.1,61.7,10.8,5.6,29.6
Glebe 2 (Magherafelt LGD),131,96,149,129,418,179,65,305,60,13.2,5.9,52.1,2.5,74.9,15.1,7.3,55.4
Glebe 2 (Newtownabbey LGD),694,718,462,817,295,745,621,538,666,6.4,4.2,13.8,3.4,52.7,6.6,5.8,28
Glen 1,45,27,104,68,128,49,398,19,86,16.8,6.3,60.2,5.7,85.1,8.6,11.2,51.4
Glen 2,654,650,605,674,845,696,361,367,762,7.1,3.7,22.3,0,54.9,9,6.7,23.5
Glen Road 1,220,15,159,354,342,259,84,390,219,18,5.8,36.5,3,70.1,14.5,6.6,43.8
Glen Road 2,300,75,297,548,130,454,402,261,276,14.2,5,27.9,5.7,62.8,8.6,7.7,41.4
Glen Road 3,126,49,154,112,35,190,169,277,119,15.3,5.9,53.4,9.2,74.2,12.1,7.5,48.9
Glenaan and Glendun,682,822,389,608,468,666,830,796,505,5.1,4.5,25.7,2.2,56,4.1,4.5,33.5
Glenariff,743,772,501,791,283,652,823,792,582,5.8,4.1,16.4,3.6,56.5,4.3,4.5,31.1
Glenarm,554,150,553,592,601,618,676,485,535,12,3.9,26.4,1.5,57.7,6.1,6.1,32.6
Glenavy 1,649,307,628,657,469,721,701,537,661,10,3.7,23,2.2,53.6,5.8,5.8,28.1
Glenavy 2,652,239,756,593,684,416,303,744,698,10.7,3.3,26.4,1.1,63.8,9.7,4.8,26.4
Glencairn 1,15,6,76,46,16,15,100,39,32,19.4,6.6,64,11,89.3,13.9,10.8,60.3
Glencairn 2,99,18,140,110,189,118,106,235,71,17.7,6,53.9,4.6,79,13.8,7.9,53.6
Glencolin 1,353,240,482,355,226,437,389,406,351,10.7,4.1,36.4,4.2,63.1,8.7,6.5,39.2
Glencolin 2,168,282,226,260,17,224,272,236,55,10.3,5.4,42.1,10.7,72,10.2,7.9,56.3
Glencolin 3,109,73,209,104,2,175,264,154,136,14.2,5.5,54.9,14.8,75,10.3,8.8,47.8
Glencolin 4,118,219,116,217,18,167,381,133,65,11.1,6.2,45.1,10.7,75.4,8.8,9.1,54.7
Glenderg,247,214,398,385,359,402,456,214,74,11.1,4.5,35.2,2.9,64.5,8,8.1,53.1
Glengormley 1,388,267,533,362,54,518,202,400,591,10.4,4,36.1,8.1,60.9,11.5,6.6,30.5
Glengormley 2,86,499,181,44,3,28,430,168,170,8.3,5.7,64.3,14.7,87.4,8.3,8.6,46.2
Glenravel,718,691,782,553,472,595,674,814,585,6.7,3.2,27.7,2.2,58.4,6.1,4.3,30.9
Glentaisie and Kinbane,347,406,294,520,610,315,457,278,363,9.1,5,29.2,1.4,67.7,8,7.5,38.7
Glenwhirry,776,750,804,673,783,741,794,724,641,6.2,3.2,22.3,0.5,52.9,4.8,4.9,28.9
Glynn,618,808,783,344,499,638,739,534,655,5.3,3.2,36.9,2,57,5.5,5.8,28.4
Gortalee,157,417,362,423,113,107,200,18,210,9,4.7,33.4,6,80,11.5,11.3,44.1
Gortalowry,296,465,466,301,74,305,494,376,238,8.5,4.2,39.3,6.9,68.1,7.7,6.7,42.9
Gortin,702,570,706,735,676,669,689,610,623,7.8,3.5,19.4,1.1,55.8,6,5.4,29.6
Gortrush 1,432,138,292,492,722,732,157,454,399,12.2,5,30.3,0.9,53.4,12.4,6.3,37.2
Gortrush 2,193,126,202,393,132,197,26,241,171,12.4,5.6,34.9,5.6,74,17.8,7.9,46.2
Graham's Bridge,197,95,199,230,269,109,62,332,303,13.3,5.6,44.1,3.7,79.5,15.2,7,40.4
Grange,784,635,822,702,557,724,791,794,672,7.2,3.1,20.9,1.7,53.6,4.9,4.5,27.9
Gransha,667,742,679,565,640,463,656,739,644,6.2,3.6,27.4,1.3,62.6,6.3,4.9,28.8
Greenisland,522,203,571,527,343,585,587,334,746,11.3,3.9,28.7,3,58.8,6.9,7,24.2
Gregstown 1,401,625,367,285,288,577,615,291,630,7.4,4.7,40.3,3.5,59.2,6.7,7.4,29.4
Gregstown 2,169,179,124,102,864,199,141,184,178,11.7,6.1,55.1,0,73.8,12.8,8.4,46
Gregstown 3,469,118,655,240,716,590,449,434,651,12.6,3.6,43.7,0.9,58.6,8.1,6.4,28.7
Gresteel 1,493,680,325,687,600,507,355,526,287,6.8,4.8,21.5,1.5,61.2,9,5.9,41.1
Gresteel 2,273,172,442,195,476,234,286,336,412,11.7,4.3,47.4,2.2,71.4,10,7,36.8
Greystone (Antrim LGD),243,663,302,148,579,248,153,283,297,7,5,50.9,1.6,70.6,12.4,7.5,40.6
Greystone (Limavady LGD),42,611,85,57,26,45,469,31,26,7.4,6.5,62.1,9.9,85.5,8,10.9,61.5
Groomsport,779,563,763,803,872,773,596,501,778,7.8,3.3,15.5,0,51.3,6.8,6,22.5
Gulladuff,622,328,742,769,548,442,452,632,459,9.8,3.3,17.7,1.8,63,8.1,5.4,35.3
Hamiltonsbawn 1,810,874,855,683,878,793,725,742,664,3.4,2.9,21.9,0,49.7,5.6,4.8,28.1
Hamiltonsbawn 2,563,366,775,313,680,337,740,663,570,9.4,3.3,38.7,1.1,66.4,5.5,5.2,31.4
Harbour,412,688,444,176,669,390,744,510,489,6.7,4.3,48.6,1.1,64.8,5.4,6,34
Harbour 1,324,178,221,582,13,113,217,392,656,11.7,5.4,26.8,11.2,79.3,11.3,6.6,28.4
Harbour 2,714,862,665,672,675,573,693,418,837,4.1,3.6,22.4,1.1,59.2,5.9,6.5,17.6
Harmony Hill,786,848,617,776,762,748,780,709,745,4.4,3.7,17.2,0.6,52.5,4.9,5,24.2
Harryville,156,407,350,111,220,38,478,167,194,9.1,4.8,53.5,4.2,86.3,7.9,8.6,45
Hawthorne,222,100,249,347,172,130,443,210,329,13.1,5.3,36.8,4.9,78.1,8.2,8.2,39.8
Highfield 1,249,252,439,207,141,300,320,309,233,10.6,4.3,46,5.5,68.2,9.4,7.2,43.1
Highfield 2,219,131,342,340,160,148,289,266,204,12.3,4.8,37.2,5.1,76.5,9.9,7.6,44.5
Highfield 3,78,43,172,174,486,46,504,86,29,15.9,5.7,48.6,2.1,85.3,7.6,9.7,61
Hightown,360,149,410,474,208,168,736,311,589,12,4.4,30.9,4.4,75.3,5.5,7.2,30.6
Hilden 1,119,184,188,218,75,83,70,60,264,11.6,5.7,45.1,6.9,81.4,14.9,10.1,41.9
Hilden 2,181,317,135,386,562,119,263,109,143,9.9,6,35.2,1.7,78.9,10.3,9.4,47.6
Hillfoot,857,700,859,872,497,749,804,850,839,6.6,2.9,5.2,2,52.5,4.6,3.9,17.6
Hillhall 1,122,48,119,127,817,51,27,260,155,15.4,6.2,52.3,0,85,17.8,7.7,47
Hillhall 2,637,152,505,775,427,633,143,664,671,12,4.1,17.3,2.4,57.1,12.8,5.2,27.9
Hillsborough 1,852,881,881,680,726,870,855,791,835,3.1,2.4,22,0.8,40.1,3.5,4.5,17.8
Hillsborough 2,884,876,873,880,800,823,857,886,821,3.4,2.6,3.2,0,47.3,3.4,3.3,19.5
Hockley,673,674,686,589,489,719,832,568,632,6.9,3.5,26.6,2.1,53.8,4.1,5.7,29.4
Holly Mount 1,521,474,715,479,419,535,593,686,227,8.5,3.4,30.7,2.5,60.4,6.9,5.1,43.3
Holly Mount 2,593,525,404,528,683,503,533,754,509,8.2,4.4,28.7,1.1,61.3,7.3,4.8,33.4
Holywood Demesne,648,665,464,513,322,563,822,684,742,7,4.2,29.6,3.2,59.5,4.3,5.1,24.3
Holywood Priory,855,889,772,831,754,815,836,806,865,2.4,3.3,12.4,0.7,47.8,4.1,4.3,15.7
Hopefield 1,555,863,473,406,521,426,613,530,665,3.9,4.2,34.2,1.9,63.5,6.7,5.9,28
Hopefield 2,530,527,504,404,407,697,517,377,723,8.2,4.1,34.2,2.6,54.9,7.5,6.7,25.2
Irvinestown,316,432,412,244,617,479,226,416,234,8.9,4.4,43.3,1.4,62.1,11,6.5,43.1
Island 1,34,23,12,138,175,55,57,23,83,17.4,7.9,51.5,4.9,84.7,15.6,11.2,51.5
Island 2,186,318,79,113,368,183,96,201,522,9.9,6.6,53.4,2.9,74.6,14.1,8.2,33.1
Island Magee,461,330,549,370,200,552,423,324,739,9.8,3.9,35.8,4.5,59.8,8.4,7.1,24.5
Jordanstown 1,724,653,820,739,502,326,870,717,601,7.1,3.1,19.3,2,67,2.9,5,30.3
Jordanstown 2,876,852,888,849,630,867,829,844,849,4.3,2.4,10.3,1.3,42.2,4.1,4,16.6
Jordanstown 3,879,755,880,819,752,848,851,884,883,6.1,2.5,13.7,0.7,45.1,3.6,3.4,10.4
Katesbridge,651,726,648,607,431,557,784,691,524,6.3,3.6,25.8,2.4,59.7,4.9,5.1,33
Keady,326,171,354,571,843,289,343,273,202,11.8,4.7,27.2,0,68.8,9.1,7.6,44.6
Kells 1,337,515,485,278,244,165,869,360,336,8.2,4.1,40.7,3.9,75.7,2.9,6.8,39.6
Kells 2,764,784,818,732,490,661,845,671,621,5.7,3.1,19.6,2.1,56.2,3.6,5.2,29.7
Kernan 1,692,785,570,587,371,756,735,578,766,5.6,3.9,26.6,2.8,52.2,5.5,5.6,23.3
Kernan 2,367,759,314,168,687,244,658,427,580,6,4.9,49.3,1,70.9,6.3,6.4,31.1
Kesh Ederney and Lack 1,331,215,607,443,457,348,126,429,158,11.1,3.7,32.6,2.3,66.1,13.1,6.4,46.8
Kesh Ederney and Lack 2,342,305,806,199,415,467,409,228,309,10,3.2,47,2.5,62.5,8.5,8,40.2
Kilfennan 1,456,497,423,359,795,504,215,423,619,8.3,4.4,36.3,0.1,61.3,11.3,6.4,29.7
Kilfennan 2,386,160,276,332,596,491,324,499,533,11.9,5.1,37.4,1.5,61.7,9.4,6,32.6
Kilkeel Central 1,405,689,500,331,443,257,818,422,444,6.7,4.1,37.4,2.3,70.1,4.4,6.4,36
Kilkeel Central 2,272,800,250,504,376,176,377,312,111,5.4,5.3,29.9,2.8,74.9,8.8,7.2,49.3
Kilkeel South 1,335,461,288,358,463,247,650,393,364,8.6,5,36.3,2.2,70.7,6.3,6.6,38.6
Kilkeel South 2,201,386,166,161,493,276,581,188,157,9.3,5.8,50,2.1,69.4,7,8.4,46.8
Killeen,604,199,713,703,720,619,188,647,416,11.4,3.4,20.9,0.9,57.5,11.8,5.3,36.8
Killinchy 1,831,631,661,867,829,822,782,804,761,7.3,3.6,6.4,0,47.4,4.9,4.4,23.6
Killinchy 2,814,561,768,828,714,764,878,645,815,7.8,3.3,12.6,0.9,51.9,2.7,5.3,19.9
Killoquin Lower,503,676,624,263,825,378,670,682,385,6.9,3.7,41.8,0,65,6.1,5.2,37.8
Killoquin Upper,350,165,377,352,383,299,590,545,281,11.8,4.6,36.6,2.7,68.3,6.9,5.8,41.3
Killough 1,327,134,329,429,738,412,45,233,543,12.3,4.8,33.3,0.8,64,16.7,8,32.3
Killough 2,378,71,219,754,673,163,76,491,432,14.2,5.4,18.8,1.1,75.7,14.8,6,36.2
Killyclogher 1,365,556,328,284,728,647,156,322,413,7.9,4.8,40.5,0.8,56.7,12.4,7.1,36.8
Killyclogher 2,442,377,477,257,542,753,191,473,467,9.3,4.2,42.3,1.8,52.3,11.7,6.2,34.8
Killycolpy,306,363,366,233,93,499,480,424,261,9.5,4.7,44,6.4,61.4,7.9,6.4,42
Killycomain,416,614,253,505,737,361,487,409,477,7.4,5.2,29.9,0.8,65.7,7.8,6.5,34.6
Killycrot,148,482,243,59,102,145,99,112,420,8.5,5.3,61.9,6.1,76.9,13.9,9.3,36.7
Killylea,647,815,831,615,622,511,346,667,395,5.2,3,25.7,1.3,61.1,9.1,5.2,37.4
Killyleagh,238,70,296,319,534,218,166,206,368,14.2,5,38.3,1.8,72.5,12.2,8.2,38.4
Killyman,484,685,701,348,198,447,327,593,439,6.7,3.5,36.7,4.5,62.9,9.4,5.5,36.1
Killymeal,444,471,238,451,81,424,543,603,561,8.5,5.3,32.3,6.6,63.6,7.3,5.5,31.7
Killymoon,191,116,315,132,268,256,336,249,151,12.6,4.9,51.9,3.8,70.2,9.2,7.8,47.1
Kilmore 1,856,806,890,787,742,820,655,818,814,5.4,2.2,16.7,0.7,47.4,6.3,4.2,19.9
Kilmore 2,614,703,823,346,873,478,511,456,729,6.6,3.1,36.8,0,62.1,7.5,6.3,24.8
Kilrea,535,630,534,616,302,379,425,675,410,7.3,4,25.6,3.4,65,8.4,5.2,36.9
Kilwaughter 1,545,692,577,541,518,307,772,547,542,6.7,3.8,28.1,1.9,68.1,5,5.8,32.3
Kilwaughter 2,663,832,724,626,568,616,779,520,595,4.9,3.4,25.1,1.6,57.7,4.9,5.9,30.4
Kilwee 1,603,333,222,814,255,789,125,512,643,9.8,5.4,14.1,3.8,50.1,13.2,5.9,28.9
Kilwee 2,125,193,242,282,97,209,3,114,105,11.5,5.3,40.6,6.3,73.2,25,9.3,49.6
Kircubbin 1,505,722,512,392,397,450,563,541,610,6.4,4,34.9,2.6,62.8,7.1,5.8,30.1
Kircubbin 2,255,53,331,323,500,271,288,269,274,14.9,4.8,38.2,2,69.6,9.9,7.6,41.4
Knock 1,283,268,283,509,366,297,401,170,327,10.4,5.1,29.8,2.9,68.4,8.6,8.6,39.8
Knock 2,851,807,790,850,855,620,828,866,847,5.4,3.2,10.2,0,57.5,4.1,3.7,16.8
Knock 3,745,375,861,827,658,438,359,698,635,9.3,2.9,12.7,1.2,63.1,9,5.1,29.2
Knockagh,839,568,866,833,528,736,831,808,843,7.8,2.8,12.2,1.9,53.2,4.1,4.3,17.1
Knockaholet,691,884,791,679,531,482,716,654,480,3,3.2,22.1,1.8,62,5.6,5.3,34.4
Knockbracken 1,863,291,761,888,801,781,771,842,848,10.2,3.3,0.4,0,50.6,5,4,16.7
Knockbracken 2,842,818,858,800,305,836,856,725,864,5.2,2.9,15.9,3.3,46.3,3.5,4.9,15.8
Knockcloghrim,631,335,825,214,532,673,723,787,529,9.7,3.1,45.5,1.8,55.8,5.6,4.6,32.8
Knocklayd,310,454,323,422,263,236,301,432,265,8.7,4.9,33.4,3.8,71.3,9.7,6.4,41.9
Knocklynn 1,501,302,619,371,250,604,495,505,612,10,3.7,35.8,3.9,58.1,7.7,6,30
Knocklynn 2,646,645,397,595,196,760,775,619,676,7.1,4.5,26.4,4.5,52.1,5,5.4,27.5
Knockmore 1,284,424,380,293,756,228,167,240,402,8.9,4.6,39.7,0.7,71.8,12.2,7.9,37.2
Knockmore 2,185,174,143,289,823,84,266,175,163,11.7,6,40.1,0,81.3,10.3,8.5,46.6
Knocknashane 1,317,768,409,135,826,433,80,163,654,5.9,4.4,51.8,0,63.2,14.6,8.7,28.5
Knocknashane 2,499,351,496,574,642,462,631,343,614,9.5,4.1,27.1,1.3,62.6,6.5,6.9,30
Ladybrook 1,578,385,298,629,454,746,584,489,617,9.3,5,24.7,2.3,52.7,7,6,29.9
Ladybrook 2,194,151,91,411,133,392,113,102,256,12,6.4,34,5.6,64.7,13.6,9.5,42.1
Ladybrook 3,53,40,103,41,21,139,101,91,70,16,6.3,64.5,10.4,77.4,13.9,9.6,53.8
Lagan Valley 1,137,526,234,183,619,86,42,95,168,8.2,5.4,48.3,1.4,81.2,16.8,9.5,46.5
Lagan Valley 2,534,543,293,829,222,505,743,453,314,8,5,12.6,4.2,61.3,5.5,6.3,40
Lambeg 1,357,227,118,557,809,386,403,253,532,10.9,6.2,27.7,0,64.8,8.6,7.8,32.7
Lambeg 2,90,400,385,39,157,44,173,85,161,9.2,4.5,65.5,5.2,85.5,12.1,9.7,46.7
Laurelvale,460,578,516,620,564,230,305,469,478,7.8,4,25.4,1.7,71.6,9.7,6.2,34.5
Lawrencetown,601,541,669,685,346,520,569,583,501,8.1,3.6,21.6,3,60.8,7,5.6,33.7
Lecumpher,704,574,821,636,355,689,764,763,408,7.8,3.1,24.3,3,55.3,5.1,4.7,37
Legoniel 1,117,319,157,74,77,93,245,216,127,9.9,5.9,59.5,6.8,81,10.7,8.1,48.2
Legoniel 2,121,276,134,162,30,243,206,79,154,10.3,6,49.9,9.6,71,11.4,9.8,47
Legoniel 3,319,269,268,491,38,253,459,389,418,10.4,5.2,30.3,9.2,70.4,8,6.6,36.7
Lisanelly 1,187,327,391,91,841,330,2,68,446,9.8,4.5,57.2,0,66.8,28.6,10,35.9
Lisanelly 2,140,308,49,262,712,242,198,103,91,10,7.1,41.9,0.9,71.1,11.6,9.4,51.2
Lisbane 1,838,379,832,825,830,782,392,880,738,9.3,3,13,0,50.5,8.7,3.5,24.5
Lisbane 2,872,879,807,853,837,854,761,881,779,3.3,3.1,9.7,0,44.2,5.2,3.5,22.4
Lisbellaw,526,492,697,540,580,602,189,412,552,8.4,3.5,28.1,1.6,58.1,11.7,6.5,32
Lisnacree,509,681,441,605,540,496,553,558,354,6.8,4.3,25.9,1.8,61.6,7.2,5.7,39.1
Lisnagarvey,597,752,526,381,267,624,721,672,638,6.1,4,35.4,3.8,57.4,5.6,5.2,29
Lisnagelvin 1,371,604,363,341,239,460,471,527,273,7.5,4.7,37.1,4,62.7,7.9,5.9,41.4
Lisnagelvin 2,447,640,270,256,628,578,734,614,361,7.2,5.1,42.3,1.3,59.1,5.5,5.4,38.8
Lisnarrick,572,729,827,216,449,821,250,494,495,6.3,3.1,45.2,2.3,47.4,10.6,6,33.9
Lisnasharragh,248,93,264,398,309,104,51,475,280,13.3,5.2,34.5,3.3,80.3,16.1,6.1,41.3
Lisnaskea,229,528,138,303,45,472,107,276,197,8.1,6,39,8.8,62.3,13.7,7.5,44.9
Lissan,512,402,595,366,182,677,730,650,359,9.1,3.8,36,4.8,55.6,5.5,5.3,38.8
Loughbrickland,538,503,593,609,664,446,503,508,481,8.3,3.8,25.7,1.1,62.9,7.6,6,34.3
Loughgall,615,413,743,647,438,556,814,589,433,9,3.3,23.5,2.4,59.7,4.5,5.6,36.2
Loughries 1,333,476,463,221,459,246,293,467,414,8.5,4.2,45,2.3,70.9,9.9,6.2,36.8
Loughries 2,308,440,375,198,861,380,260,194,503,8.8,4.6,47,0,65,10.4,8.3,33.6
Loughview 1,304,112,353,249,553,439,136,397,390,12.7,4.7,42.9,1.7,63,12.9,6.6,37.5
Loughview 2,133,427,117,85,885,4,368,205,299,8.9,6.2,58,0,91.7,8.9,8.2,40.5
Love Lane,54,205,165,22,53,147,376,27,90,11.3,5.8,69.3,8.2,76.6,8.8,11,51.2
Lower Braniel,483,226,307,725,266,372,446,503,525,10.9,5,19.8,3.8,65.3,8.2,6,33
Lower Glenshane 1,761,445,653,709,721,757,808,869,286,8.8,3.6,20.7,0.9,52.2,4.6,3.7,41.1
Lower Glenshane 2,837,799,746,836,884,628,729,887,547,5.4,3.3,11.8,0,57.3,5.5,3.2,32.2
Macosquin,547,450,777,409,435,581,489,636,365,8.7,3.2,34,2.4,59.1,7.8,5.4,38.6
Maghaberry 1,741,810,736,686,650,427,645,782,724,5.3,3.4,21.6,1.2,63.5,6.4,4.6,25.1
Maghaberry 2,740,594,779,640,748,711,647,714,687,7.6,3.2,23.8,0.7,54.2,6.4,5,26.8
Maghera,275,270,326,399,392,306,597,258,191,10.4,4.8,34.4,2.7,68.1,6.8,7.7,45.2
Magheralave 1,433,666,387,545,623,292,134,304,690,7,4.5,27.9,1.3,68.6,12.9,7.3,26.6
Magheralave 2,770,453,569,671,693,837,500,769,775,8.7,3.9,22.5,1,46.2,7.6,4.6,22.6
Magheralin 1,606,591,663,467,727,502,445,629,673,7.6,3.6,31.3,0.8,61.4,8.2,5.4,27.9
Magheralin 2,672,823,675,684,806,678,388,529,611,5.1,3.6,21.8,0,55.6,8.7,5.9,30.1
Magilligan,613,704,725,596,862,457,738,761,162,6.6,3.4,26.3,0,62.7,5.5,4.7,46.7
Maguiresbridge,373,383,639,255,436,522,120,426,383,9.3,3.7,42.3,2.4,60.8,13.4,6.4,37.8
Mallusk 1,674,787,723,484,389,428,746,762,699,5.6,3.4,30.5,2.7,63.4,5.4,4.7,26.3
Mallusk 2,594,758,603,546,186,410,592,570,705,6,3.8,27.9,4.7,64.2,6.9,5.7,26
Mallusk 3,799,518,864,708,281,797,667,719,816,8.2,2.8,20.8,3.6,49.4,6.2,5,19.7
Malone 1,881,321,875,883,818,874,795,821,888,9.9,2.6,1.8,0,38.8,4.8,4.2,8.2
Malone 2,888,828,879,889,805,861,839,835,889,5,2.5,0.2,0,43,4,4,7.8
Malone 3,886,669,887,875,808,826,262,868,890,6.9,2.4,4.3,0,47.2,10.4,3.7,7.5
Markethill,425,129,722,322,778,352,397,637,251,12.4,3.4,38.2,0.5,65.9,8.6,5.4,42.2
Massereene 1,479,827,546,434,517,365,586,366,566,5,4,32.9,1.9,65.6,6.9,6.7,31.5
Massereene 2,596,837,688,368,639,543,351,573,679,4.8,3.5,35.9,1.3,60.1,9.1,5.6,27.3
Mayobridge 1,506,683,513,471,632,407,624,535,504,6.8,4,31.1,1.3,64.2,6.6,5.8,33.5
Mayobridge 2,766,545,601,830,740,755,696,777,487,8,3.8,12.5,0.8,52.2,5.8,4.6,34.1
Maze 1,794,678,844,760,689,683,852,609,799,6.8,2.9,18.5,1,55.4,3.5,5.5,21.3
Maze 2,548,443,509,490,276,639,464,607,553,8.8,4,30.3,3.7,57,8,5.5,32
Milebush,253,348,162,448,7,325,183,225,398,9.6,5.8,32.4,12.3,67,11.8,8,37.3
Milford,721,679,750,670,847,660,620,738,508,6.8,3.3,22.5,0,56.2,6.6,4.9,33.5
Millisle 1,190,277,309,106,651,111,626,122,295,10.3,5,54.7,1.2,79.5,6.6,9.1,40.7
Millisle 2,541,795,566,496,455,375,688,346,736,5.5,3.9,30.1,2.3,65.2,6,6.9,24.5
Minnowburn,106,46,68,226,152,101,52,62,342,15.6,6.8,44.5,5.3,80.5,16.1,10.1,39.5
Moat,95,55,372,19,410,77,339,272,49,14.9,4.7,69.6,2.6,82.4,9.2,7.6,57.2
Moira 1,824,684,730,838,803,845,618,728,828,6.8,3.4,11.8,0,45.5,6.6,4.9,19
Moira 2,722,564,760,681,707,688,687,504,786,7.8,3.3,22,0.9,55.3,6,6,21.8
Moneymore,382,310,558,169,467,391,700,642,275,10,3.9,49.2,2.2,64.7,5.8,5.3,41.4
Moneyreagh 1,836,590,882,824,763,796,666,751,822,7.7,2.4,13.2,0.6,49.6,6.2,4.8,19.5
Moneyreagh 2,703,52,709,707,838,778,356,669,675,15,3.5,20.8,0,50.9,9,5.2,27.8
Monkstown 1,55,532,218,29,56,16,509,70,50,8.1,5.4,66.9,8.1,89.2,7.5,9.9,56.7
Monkstown 2,285,552,459,215,303,116,462,402,360,7.9,4.2,45.2,3.3,79.1,8,6.5,38.8
Mossley 1,475,462,536,272,466,603,749,451,549,8.6,4,41.2,2.2,58.1,5.4,6.3,32.1
Mossley 2,38,7,33,77,96,87,180,26,132,19.3,7.3,59,6.3,81.2,11.9,11,48
Mount Sandel,374,504,215,270,423,403,468,326,720,8.3,5.5,41.3,2.5,64.3,8,7.1,25.3
Mourneview,178,244,291,171,304,195,116,247,100,10.7,5,49.1,3.3,74,13.5,7.8,50.4
Movilla 1,224,296,406,175,390,261,275,82,483,10.1,4.4,48.6,2.7,70,10.2,9.8,34.2
Movilla 2,775,780,627,745,730,774,552,695,773,5.7,3.7,19.1,0.8,51.2,7.2,5.1,22.6
Movilla 3,695,843,731,727,844,485,847,507,575,4.6,3.4,19.8,0,61.8,3.6,6,31.1
Moy,559,603,440,555,190,487,601,641,579,7.5,4.3,27.7,4.6,61.8,6.8,5.3,31.1
Moygashel,591,572,491,765,173,353,455,604,596,7.8,4.1,17.8,4.9,65.9,8,5.5,30.4
Mullaghmore,482,694,345,283,317,488,773,665,469,6.7,4.8,40.5,3.3,61.8,5,5.2,34.8
Murlough,176,77,46,364,350,221,32,182,270,14.1,7.1,36,3,72.3,17.4,8.4,41.5
Musgrave 1,299,354,252,431,184,254,490,320,375,9.5,5.2,33.3,4.7,70.3,7.7,7.1,38.1
Musgrave 2,785,668,585,784,566,852,465,729,771,7,3.8,16.7,1.6,44.8,8,4.9,22.8
Musgrave 3,815,735,815,785,448,743,501,746,858,6.3,3.1,16.7,2.3,52.8,7.6,4.8,16.1
New Buildings 1,265,133,340,232,174,357,78,595,145,12.3,4.8,44,4.9,65.8,14.7,5.5,47.2
New Buildings 2,754,508,543,796,451,866,316,586,757,8.3,4,16.1,2.3,42.2,9.5,5.6,23.9
New Lodge 1,18,38,105,13,29,32,20,75,30,16.1,6.3,70.6,9.6,86.8,18.7,9.9,60.4
New Lodge 2,49,120,168,65,24,94,123,134,6,12.5,5.8,60.6,9.9,80.8,13.3,9,66.9
New Lodge 3,1,30,115,2,5,39,7,5,22,16.5,6.2,82.8,12.7,86.1,21.6,12.6,61.6
Newbuildings,250,778,262,299,394,287,432,124,266,5.7,5.2,39.4,2.7,68.8,8.3,9.1,41.8
Newhill,172,524,310,88,121,131,285,296,108,8.2,4.9,57.7,5.8,77.9,10,7.3,49.4
Newtownbreda,726,470,590,581,739,716,312,757,817,8.5,3.8,26.8,0.8,54,9.6,4.8,19.6
Newtownbutler,363,210,336,646,219,476,88,523,169,11.2,4.8,23.7,4.3,62.2,14.3,5.9,46.4
Newtownhamilton,403,479,541,543,494,474,365,391,254,8.5,4,28,2.1,62.2,9,6.6,42.2
Newtownsaville,607,506,773,692,681,571,690,464,396,8.3,3.3,21.3,1.1,59.2,5.9,6.2,37.3
Newtownstewart,230,170,450,410,498,201,529,204,67,11.8,4.3,34,2,73.8,7.4,8.2,54.5
North,328,646,178,486,696,610,550,117,294,7.1,5.7,30.5,1,57.9,7.2,9.3,40.7
Northland,13,221,131,6,10,11,137,40,56,11,6,74.5,11.7,89.9,12.8,10.8,56.2
Oaklands,532,127,714,569,428,597,635,591,316,12.4,3.4,27.3,2.4,58.4,6.5,5.6,40
Observatory,609,505,415,521,279,733,473,657,677,8.3,4.4,29.1,3.6,53.4,7.9,5.3,27.5
Old Warren,84,173,72,158,245,42,205,172,61,11.7,6.6,50,3.9,85.9,11.5,8.5,55.2
Oldtown,330,538,431,328,127,255,840,374,245,8.1,4.3,37.7,5.7,70.3,4,6.7,42.6
Orangefield 1,381,626,330,447,387,214,757,256,613,7.3,4.8,32.4,2.7,72.9,5.3,7.8,30
Orangefield 2,712,297,721,740,501,532,841,658,709,10.1,3.4,19.2,2,60.4,3.9,5.2,25.8
Orangefield 3,697,820,451,808,313,383,644,723,700,5.2,4.3,14.8,3.3,64.9,6.4,4.9,26.3
Owenkillew,665,656,740,639,888,730,537,587,355,7.1,3.4,23.9,0,53.5,7.3,5.6,39
Park,404,644,208,575,243,286,706,444,455,7.1,5.5,27,4,68.9,5.8,6.3,35.4
Parkgate,808,849,764,780,321,728,843,793,769,4.4,3.3,17.1,3.3,53.5,3.8,4.5,22.9
Parklake,341,500,349,225,576,336,672,362,415,8.3,4.8,44.5,1.6,66.5,6.1,6.8,36.8
Pennyburn 1,620,582,278,794,452,665,609,638,476,7.7,5.1,16.2,2.3,56,6.7,5.3,34.6
Pennyburn 2,812,480,632,878,608,864,673,624,734,8.5,3.7,3.8,1.4,42.3,6.1,5.4,24.6
Plumbridge,589,285,846,559,674,662,334,536,332,10.2,2.9,27.6,1.1,56.2,9.2,5.8,39.8
Poleglass 1,40,117,71,95,65,85,30,46,39,12.6,6.7,56,7.4,81.2,17.4,10.5,59
Poleglass 2,329,311,132,453,444,554,117,306,443,10,6,32.2,2.3,59.8,13.5,7.3,36.1
Pomeroy,318,72,550,379,329,506,181,387,209,14.2,3.9,35.5,3.1,61.2,11.9,6.6,44.1
Portaferry 1,398,347,316,307,575,551,241,457,581,9.6,4.9,38.9,1.6,59.8,10.8,6.2,31.1
Portaferry 2,246,2,337,298,509,422,92,365,228,19.8,4.8,39.5,2,63.6,14.2,6.8,43.2
Portavogie 1,208,659,210,149,384,415,579,105,196,7.1,5.5,50.9,2.7,63.8,7,9.4,44.9
Portavogie 2,419,280,537,360,592,288,484,448,590,10.3,4,36.2,1.5,68.8,7.8,6.3,30.5
Portglenone 1,633,585,754,400,670,435,708,780,530,7.7,3.3,34.3,1.1,63.1,5.7,4.6,32.7
Portglenone 2,489,693,719,645,482,381,149,349,434,6.7,3.4,23.8,2.1,65,12.5,6.8,36.2
Portora,407,381,355,562,761,411,81,355,538,9.3,4.7,27.4,0.6,64.2,14.6,6.8,32.4
Portstewart,445,878,187,126,311,842,374,435,556,3.4,5.7,52.3,3.3,45.7,8.9,6.4,31.8
Poyntz Pass,504,601,647,383,604,668,269,446,517,7.5,3.6,35.3,1.4,55.9,10.3,6.3,33.3
Princetown,849,872,856,820,624,844,638,785,860,3.5,2.9,13.7,1.3,45.5,6.4,4.6,16
Quilly,821,698,826,693,533,808,825,849,751,6.6,3.1,21.2,1.8,48.7,4.2,3.9,24
Quoile 1,217,11,183,300,224,260,19,335,411,18.7,5.7,39.4,4.2,70.1,18.7,7,36.8
Quoile 2,759,35,643,792,395,792,170,778,806,16.3,3.6,16.3,2.7,49.9,12.1,4.6,20.8
Randalstown 1,514,723,475,308,556,451,741,606,583,6.3,4.2,38.9,1.7,62.8,5.5,5.5,31
Randalstown 2,524,794,630,339,611,322,787,561,557,5.5,3.7,37.2,1.4,67.1,4.9,5.7,31.8
Rathbrady,376,372,305,239,866,712,540,252,409,9.4,5,43.8,0,54.2,7.3,7.8,37
Rathfriland,288,501,318,334,613,222,491,282,292,8.3,4.9,37.3,1.4,72.2,7.7,7.5,40.9
Rathgael,453,841,511,464,495,329,654,280,548,4.7,4,31.5,2,66.9,6.3,7.5,32.1
Ravenhill 1,862,606,792,852,724,801,731,854,882,7.5,3.2,10,0.8,49.3,5.5,3.9,10.4
Ravenhill 2,519,198,418,682,363,285,709,341,797,11.4,4.4,21.9,2.9,68.9,5.7,6.9,21.3
Ravenhill 3,323,58,258,311,335,274,253,177,827,14.9,5.2,38.7,3.1,69.4,10.6,8.5,19
Rich Hill 1,706,817,502,649,877,700,719,617,653,5.2,4.1,23.4,0,54.7,5.6,5.4,28.5
Rich Hill 2,568,757,650,357,870,708,607,439,451,6.1,3.6,36.3,0,54.3,6.7,6.3,35.7
Ringsend,556,719,578,413,560,687,470,582,437,6.4,3.8,33.8,1.7,55.3,7.9,5.6,36.2
Roeside,277,320,341,457,475,154,331,302,257,9.9,4.8,31.8,2.2,76.1,9.3,7.3,42.1
Rosemount,245,715,92,438,147,193,341,219,302,6.4,6.4,32.8,5.4,74.1,9.2,8.1,40.4
Rosetta 1,860,597,811,868,709,830,412,851,875,7.6,3.1,6.1,0.9,46.8,8.5,3.9,12.1
Rosetta 2,753,177,656,807,62,405,105,862,830,11.7,3.6,14.9,7.5,64.3,13.8,3.8,18.2
Rosetta 3,870,475,852,876,793,858,534,847,871,8.5,2.9,4.3,0.1,43.8,7.3,4,13.7
Rosslea,495,84,610,642,507,709,175,563,220,13.9,3.7,23.8,2,54.3,12,5.7,43.8
Rossorry,336,98,493,164,401,653,75,347,546,13.1,4.1,49.9,2.6,56.5,14.8,6.9,32.2
Rostrevor,560,610,359,367,834,767,796,369,634,7.4,4.7,35.9,0,51.6,4.8,6.7,29.3
Rostulla 1,463,449,559,518,177,277,278,482,657,8.7,3.9,29.3,4.9,69.3,10.1,6.1,28.4
Rostulla 2,767,836,839,802,710,22,481,701,881,4.8,3,15.7,0.9,87.9,7.9,5.1,10.7
Route,384,155,548,356,637,317,653,524,298,11.9,3.9,36.4,1.3,67.6,6.3,5.9,40.6
Royal Portrush,348,459,279,363,324,429,329,354,462,8.6,5.1,36.1,3.2,63.4,9.3,6.8,35.2
Saintfield 1,756,707,871,659,835,501,164,766,682,6.5,2.7,23,0,61.4,12.2,4.7,27.1
Saintfield 2,828,404,867,756,839,788,428,832,824,9.1,2.8,18.7,0,50.2,8.3,4.1,19.3
Sandholes,523,774,525,472,706,298,844,640,340,5.8,4,30.9,1,68.3,3.8,5.3,39.6
Scrabo 1,116,607,236,37,338,95,86,118,217,7.5,5.3,65.9,3.1,80.7,14.4,9.3,43.8
Scrabo 2,79,231,195,84,473,56,128,78,87,10.9,5.6,58,2.2,84.4,13.1,9.8,51.3
Seacon,464,586,691,333,625,388,474,518,421,7.7,3.5,37.4,1.3,64.8,7.9,5.9,36.7
Seaforde,477,565,588,336,705,366,82,544,663,7.8,3.8,37.3,1,65.5,14.6,5.8,28.1
Seapatrick,731,712,708,688,543,776,648,674,645,6.5,3.5,21.4,1.8,51,6.4,5.2,28.8
Seaview 1,830,791,392,861,848,704,887,825,801,5.6,4.5,8,0,54.5,2,4.2,21.2
Seaview 2,349,373,155,477,259,533,785,221,417,9.3,5.9,30.8,3.8,60.4,4.9,8.1,36.7
Seymour Hill,279,629,453,234,197,207,43,358,435,7.3,4.3,44,4.5,73.3,16.7,6.8,36.2
Shaftesbury 1,104,294,69,98,163,30,199,110,358,10.1,6.7,55.6,5.1,87,11.6,9.4,38.8
Shaftesbury 2,72,22,65,203,131,60,230,33,235,17.4,6.8,46.9,5.6,84.1,10.9,10.8,43
Shaftesbury 3,16,19,21,10,297,2,46,126,129,17.6,7.7,72.6,3.4,93.5,16.4,9.1,48.1
Shankill 1,7,12,7,16,92,12,223,59,12,18.5,8.3,70.1,6.4,89.7,11.1,10.2,65.1
Shankill 2,4,1,8,23,50,18,21,56,24,19.9,8.2,68.8,8.4,88.8,18.7,10.2,61.6
Shantallow East,179,510,61,390,277,323,249,125,72,8.3,6.9,35,3.7,67.1,10.6,9.1,53.5
Shantallow West 1,87,273,63,212,513,164,127,61,41,10.4,6.8,45.8,2,75.7,13.1,10.1,58.8
Shantallow West 2,108,569,142,186,326,178,165,101,23,7.8,6,48.1,3.2,74.9,12.2,9.5,61.6
Shantallow West 3,135,113,54,261,207,310,243,152,85,12.7,7,42,4.4,67.9,10.8,8.8,51.5
Shantallow West 4,430,286,98,576,332,765,437,398,464,10.2,6.4,27,3.1,51.7,8.3,6.6,35
Shilvodan,739,542,771,748,764,630,387,702,710,8,3.3,19,0.6,57.2,8.7,5.1,25.8
Shimna,481,249,384,567,643,470,139,466,648,10.6,4.5,27.3,1.3,62.3,12.8,6.2,28.8
Silver Bridge 1,491,731,467,376,759,475,837,447,407,6.3,4.2,35.7,0.6,62.2,4,6.3,37.1
Silver Bridge 2,689,699,565,618,880,645,625,704,587,6.6,3.9,25.5,0,56.8,6.6,5.1,30.9
Silverstream,237,279,308,237,238,177,408,123,544,10.3,5,43.8,4,74.9,8.6,9.1,32.3
Sion Mills,207,245,150,177,743,331,807,211,80,10.7,5.9,48.6,0.7,66.7,4.6,8.2,52.3
Sixmilecross,533,468,745,372,657,553,705,599,341,8.5,3.3,35.7,1.2,59.8,5.8,5.5,39.5
Slemish,811,825,787,863,656,574,868,770,620,5.1,3.2,7.5,1.2,59.2,2.9,4.6,29.7
Slievekirk,462,374,729,380,516,347,824,577,229,9.3,3.4,35.4,1.9,66.1,4.2,5.6,43.2
South 1,227,415,83,427,265,369,623,137,184,9,6.5,33.4,3.8,65.5,6.6,9,45.6
South 2,406,326,437,397,420,695,809,251,374,9.8,4.3,34.7,2.5,54.9,4.6,7.8,38.2
Spelga,510,662,531,489,788,420,660,514,438,7,4,30.3,0.4,63.7,6.2,5.9,36.1
Springfarm 1,370,714,383,267,312,245,793,301,608,6.4,4.6,41.3,3.3,70.9,4.8,7.3,30.2
Springfarm 2,89,368,216,24,241,43,261,72,339,9.4,5.4,68.8,4,85.9,10.4,9.9,39.6
Springhill 1,795,409,692,813,881,791,657,677,764,9.1,3.5,14.3,0,49.9,6.3,5.2,23.4
Springhill 2,579,451,582,414,123,536,466,680,716,8.7,3.8,33.6,5.8,60.3,8,5.2,25.5
Springtown 1,262,478,80,558,299,530,279,149,185,8.5,6.6,27.6,3.4,60.6,10.1,8.8,45.5
Springtown 2,626,467,284,713,426,812,849,462,573,8.5,5.1,20.7,2.4,48.1,3.6,6.2,31.3
St Mary's,216,167,47,243,704,226,431,383,199,11.8,7.1,43.3,1,71.9,8.3,6.6,44.8
St Patrick's 1,429,493,263,473,316,513,737,385,513,8.4,5.2,30.9,3.3,61,5.5,6.6,33.3
St Patrick's 2,314,738,180,235,479,269,630,546,225,6.2,5.7,44,2.1,69.6,6.5,5.8,43.4
Steeple,76,97,368,12,659,25,38,244,128,13.2,4.7,71.1,1.2,87.7,17.1,7.9,48.1
Stewartstown,414,464,788,286,136,432,665,497,258,8.6,3.2,40.3,5.5,63.3,6.2,6,42.1
Stiles,211,365,321,150,354,211,224,162,377,9.4,4.9,50.9,3,73.1,11.1,8.7,38
Stormont 1,890,613,886,865,869,875,877,890,877,7.4,2.4,6.8,0,38.3,2.7,2.3,11.4
Stormont 2,887,831,753,858,876,865,865,888,884,4.9,3.3,8.9,0,42.2,3.1,2.9,9.6
Stormont 3,832,760,845,779,879,526,882,786,853,6,2.9,17.1,0,60.7,2.5,4.6,16.4
Strand 1 (Coleraine LGD),840,554,600,822,627,827,582,875,855,7.9,3.8,13.3,1.3,47.1,7,3.5,16.2
Strand 1 (Derry LGD),203,781,121,481,547,37,541,155,125,5.7,6.2,30.6,1.8,86.7,7.3,8.8,48.3
Strand 2 (Coleraine LGD),848,163,744,821,875,890,863,707,836,11.8,3.3,13.4,0,,3.2,5.1,17.7
Strand 2 (Derry LGD),557,834,137,188,530,889,378,410,636,4.9,6,47.8,1.9,,8.8,6.5,29.1
Strangford,617,247,817,656,701,670,133,373,719,10.7,3.1,23,1,55.8,13,6.7,25.4
Stranmillis 1,880,673,883,871,810,876,727,837,886,6.9,2.4,5.6,0,37.1,5.5,4,8.5
Stranmillis 2,882,766,884,885,242,888,574,820,879,5.9,2.4,1.3,4,,7,4.2,10.9
Stranmillis 3,889,736,878,890,802,880,652,863,887,6.2,2.5,0.2,0,28.8,6.3,3.8,8.3
Stranmillis 4,877,535,876,882,667,855,562,841,885,8.1,2.5,2.8,1.1,44.2,7.1,4,8.7
Stranocum,616,888,808,534,685,367,803,601,318,2.4,3.1,28.5,1.1,65.5,4.6,5.5,39.9
Strule,231,123,184,181,351,389,94,285,389,12.5,5.7,48.3,3,64.8,14.1,7.5,37.6
Summerfield,543,690,287,624,115,385,810,594,600,6.7,5,25.1,5.9,64.9,4.5,5.5,30.4
Sunnylands,83,566,30,280,217,125,244,14,142,7.8,7.3,40.7,4.3,78.3,10.7,11.6,47.6
Swatragh 1,742,670,612,789,599,802,619,737,498,6.9,3.7,16.5,1.5,49.3,6.6,4.9,33.8
Swatragh 2,725,488,759,695,859,414,815,824,441,8.4,3.3,21.2,0,63.8,4.5,4.2,36.1
Sydenham 1,171,147,167,82,138,120,554,290,230,12,5.8,58.3,5.5,78.7,7.2,7.4,43.2
Sydenham 2,287,498,522,189,649,262,313,215,430,8.3,4,47.7,1.2,70,9.6,8.1,36.3
Sydenham 3,232,207,156,396,569,124,642,92,454,11.3,5.9,34.8,1.6,78.4,6.4,9.6,35.5
Taghnevan,239,304,272,201,249,208,608,299,255,10,5.1,46.9,3.9,73.2,6.7,7.3,42.2
Tandragee,312,559,575,253,262,396,472,196,373,7.9,3.8,42.7,3.8,64.6,7.9,8.3,38.2
Tavanagh,93,45,280,66,344,128,190,96,94,15.6,5.1,60.6,3,78.2,11.7,9.5,50.7
Templepatrick,803,494,802,811,616,849,724,643,784,8.4,3.2,14.5,1.4,44.9,5.6,5.3,22.1
Tempo,431,401,680,452,851,430,219,394,306,9.2,3.6,32.3,0,63.4,11.1,6.6,40.3
Termon,632,370,667,488,887,750,816,592,369,9.4,3.6,30.4,0,52.4,4.4,5.6,38.4
The Birches 1,537,732,395,532,741,575,505,445,586,6.3,4.5,28.5,0.8,59.2,7.6,6.3,30.9
The Birches 2,496,587,552,395,140,702,713,513,372,7.7,3.9,34.8,5.5,54.5,5.7,5.9,38.2
The Cut,184,69,245,159,216,196,160,308,164,14.3,5.3,50,4.3,74,12.3,7.3,46.6
The Cuts 1,528,530,654,437,69,413,519,600,662,8.1,3.6,32.9,7.2,64,7.5,5.5,28.1
The Cuts 2,344,754,422,192,398,461,159,415,397,6.1,4.4,47.5,2.6,62.6,12.3,6.5,37.3
The Diamond,152,358,152,264,67,283,357,71,118,9.5,5.9,41.8,7.4,69,9,9.9,48.9
The Highlands,511,549,853,585,478,465,240,576,148,7.9,2.9,26.7,2.1,62.6,10.8,5.6,47.1
The Loop,494,562,146,335,519,768,268,755,366,7.8,5.9,37.3,1.9,51.6,10.3,4.8,38.5
The Mall,292,654,196,412,644,272,479,268,248,7.1,5.6,34,1.2,69.6,7.9,7.6,42.5
The Mount 1,8,59,14,43,289,3,66,4,98,14.9,7.9,64.4,3.5,92.7,15,13,50.6
The Mount 2,6,196,6,61,179,1,24,8,115,11.5,8.3,61.5,4.8,93.6,18,12,49.1
The Vow,584,364,728,627,362,586,497,608,401,9.4,3.4,25,2.9,58.7,7.7,5.5,37.2
Tobermore,640,749,638,519,631,654,861,726,300,6.2,3.7,29.3,1.3,56.5,3.2,4.9,40.4
Tollymore 1,437,667,382,538,570,525,140,382,456,7,4.6,28.3,1.6,60.7,12.8,6.6,35.4
Tollymore 2,638,581,620,749,605,640,242,551,577,7.7,3.7,19,1.4,57,10.8,5.8,31.1
Tonagh,180,248,158,228,149,144,228,212,192,10.7,5.9,44.2,5.4,77.1,10.9,8.2,45.2
Toome,465,540,816,343,331,514,598,433,301,8.1,3.1,37,3.1,61,6.8,6.4,40.4
Town Parks,307,344,356,420,256,237,451,331,324,9.6,4.7,33.5,3.8,71.3,8.1,7,39.9
Town Parks East 1,352,486,417,259,505,362,394,441,387,8.4,4.4,42.2,2,65.6,8.7,6.3,37.7
Town Parks East 2,221,447,78,179,462,492,227,325,166,8.8,6.6,48.5,2.2,61.7,11,7.1,46.5
Town Parks West,396,265,251,224,296,541,502,722,381,10.4,5.3,44.5,3.4,60.2,7.6,4.9,37.8
Trillick,737,833,869,731,758,601,546,679,426,4.9,2.7,19.6,0.7,58.2,7.3,5.2,36.5
Tullagh,422,367,271,552,108,625,726,459,321,9.4,5.1,27.8,6,57.3,5.6,6.2,39.9
Tullycarnet,74,156,94,47,358,58,77,193,102,11.9,6.4,63.7,2.9,84.2,14.7,8.3,50.1
Tullyhappy,561,641,705,493,648,481,720,478,490,7.2,3.5,30.2,1.2,62,5.6,6.1,34
Twinbrook 1,70,33,55,89,372,102,25,217,54,16.4,7,57.5,2.8,80.4,18,8.1,56.6
Twinbrook 2,112,125,177,156,89,166,13,330,31,12.4,5.7,50.1,6.5,75.5,19.7,7,60.4
University,188,421,490,105,126,24,527,293,242,9,4.1,54.8,5.7,87.7,7.4,7.4,42.8
Upper Braniel,466,782,443,508,421,328,442,455,531,5.7,4.3,29.8,2.5,66.9,8.2,6.3,32.7
Upper Glenshane,497,353,528,485,773,613,697,511,284,9.5,4,30.5,0.5,57.8,5.8,6,41.1
Upper Malone 1,878,790,868,874,811,877,556,873,869,5.6,2.7,4.6,0,36.7,7.1,3.6,14.4
Upper Malone 2,51,148,43,94,52,34,48,97,73,12,7.1,56.2,8.2,86.8,16.3,9.5,53.2
Upper Malone 3,708,431,428,847,609,784,691,437,695,8.9,4.3,10.4,1.4,50.3,5.9,6.3,26.4
Upper Springfield 1,65,51,74,87,55,143,16,281,27,15,6.6,57.8,8.1,77.2,19.6,7.5,61.4
Upper Springfield 2,77,57,139,86,63,150,31,257,37,14.9,6,57.8,7.5,76.4,17.4,7.7,59.5
Upper Springfield 3,23,102,164,34,32,68,6,87,5,13.1,5.8,66.1,9.5,83.5,22.4,9.7,67
Upperlands,562,441,685,498,678,521,799,683,232,8.8,3.5,30.1,1.1,60.8,4.7,5.1,43.1
Valley,549,661,430,529,782,592,573,651,315,7,4.3,28.6,0.5,58.6,7,5.3,40
Valley 1,214,26,89,369,293,335,207,238,283,16.8,6.4,35.9,3.5,66.6,11.4,7.9,41.2
Valley 2,75,188,248,115,171,13,155,127,89,11.6,5.3,53.2,5,89.4,12.4,9.1,51.2
Victoria (Carrickfergus LGD),375,764,290,382,101,302,526,298,649,5.9,5,35.3,6.2,68.1,7.4,7.3,28.7
Victoria (Derry LGD),212,491,235,274,388,200,251,195,189,8.4,5.3,41.1,2.7,73.8,10.6,8.3,45.3
Victoria Bridge,290,579,460,337,638,358,440,264,134,7.7,4.2,37.3,1.3,65.8,8.2,7.6,48
Wallace Park 1,660,788,616,720,812,96,496,700,781,5.6,3.7,20.2,0,80.7,7.7,5.1,22.4
Wallace Park 2,820,602,748,805,744,794,616,764,852,7.5,3.3,15.2,0.7,49.7,6.6,4.7,16.4
Waringstown 1,715,429,786,721,746,681,271,613,717,8.9,3.2,20.1,0.7,55.5,10.3,5.4,25.4
Waringstown 2,817,512,857,790,485,833,628,774,748,8.2,2.9,16.4,2.1,46.4,6.6,4.6,24.1
Washing Bay,581,403,597,435,860,656,340,666,445,9.1,3.8,32.9,0,56.4,9.2,5.2,35.9
Water Works 1,26,24,28,33,41,48,259,34,78,17.2,7.4,66.6,9,85.3,10.4,10.8,52.5
Water Works 2,63,183,32,116,145,127,220,100,47,11.6,7.3,53.2,5.4,78.3,11.1,9.5,57.4
Water Works 3,123,63,289,123,155,59,71,156,252,14.6,5,52.5,5.2,84.2,14.9,8.7,42.2
Waterside,773,649,670,503,595,847,299,816,785,7.1,3.6,30,1.5,45.1,9.8,4.2,22
West 1,244,539,200,265,261,359,762,191,173,8.1,5.6,41.5,3.8,65.7,5.2,8.3,46.2
West 2,234,189,144,281,453,486,413,200,200,11.6,6,40.7,2.3,61.8,8.5,8.2,44.7
Westland,167,256,120,320,31,453,577,65,84,10.5,6.2,38.3,9.5,62.8,7,10,51.5
Whitehead,713,801,608,625,231,729,714,633,774,5.4,3.7,25.1,4.2,53.5,5.7,5.4,22.6
Whitehill,134,469,201,76,206,129,315,84,308,8.5,5.6,59,4.4,78.1,9.5,9.7,40.2
Whitehouse,111,111,332,205,411,174,59,29,113,12.8,4.8,46.5,2.6,75.1,15.6,10.9,49.2
Whiterock 1,154,621,175,302,185,159,33,232,36,7.4,5.7,39.1,4.7,76,17.4,8,59.7
Whiterock 2,5,3,10,25,125,78,29,74,2,19.8,8.1,68.7,5.7,82.3,17.7,9.9,70.9
Whiterock 3,29,346,169,3,88,121,40,248,3,9.6,5.8,75,6.5,78.6,16.8,7.8,69.8
Whitespots 1,732,716,507,753,882,611,806,621,703,6.4,4.1,18.9,0,57.8,4.6,5.4,26.1
Whitespots 2,600,87,687,269,846,698,659,564,760,13.5,3.5,41.3,0,54.8,6.2,5.7,23.8
Windsor 1,847,880,702,854,590,856,801,673,876,3.2,3.5,9.7,1.5,44.1,4.6,5.2,12
Windsor 2,796,194,478,654,275,883,889,566,872,11.5,4.2,23.1,3.7,,1,5.7,13.1
Windsor 3,409,865,81,119,71,882,281,165,798,3.9,6.5,53.1,7.1,,10.1,8.6,21.3
Windsor 4,359,242,64,18,9,761,661,720,780,10.7,6.8,69.8,11.9,52.1,6.2,4.9,22.4
Windsor Hill 1,765,553,386,717,559,835,742,732,789,7.9,4.5,20.5,1.7,46.3,5.5,4.9,21.8
Windsor Hill 2,291,456,190,350,612,170,142,490,333,8.6,5.7,36.6,1.4,75.3,12.8,6,39.8
Woodburn,518,743,374,531,144,651,684,396,631,6.2,4.6,28.5,5.4,56.6,6,6.6,29.4
Woodstock 1,88,181,17,271,193,63,270,42,246,11.7,7.8,41.2,4.6,83.9,10.3,10.6,42.6
Woodstock 2,52,175,44,54,165,20,204,80,106,11.7,7.1,62.5,5.1,88.2,11.5,9.8,49.5
Woodstock 3,28,41,20,20,328,29,87,28,218,16,7.7,69.5,3.2,87.3,14.4,10.9,43.8
Woodvale 1,2,64,36,9,154,7,22,16,35,14.5,7.2,73,5.2,91.2,18.6,11.5,60
Woodvale 2,3,31,29,5,23,17,50,36,33,16.5,7.4,74.9,10,89,16.2,10.8,60
Woodvale 3,12,274,5,7,170,9,90,180,19,10.4,8.4,74,5,90.4,14.3,8.4,63.4
Woodville 1,21,88,52,4,181,126,273,12,101,13.4,7.1,75,4.8,78.3,10.2,11.8,50.3
Woodville 2,780,558,733,842,820,762,671,585,684,7.9,3.4,11.3,0,52,6.1,5.6,26.9
Wynchurch,679,398,573,741,796,598,375,528,796,9.2,3.8,19.2,0.1,58.3,8.9,5.9,21.5
